record_id,customer_id,loan_id,banker_id,transaction_date
1,1,f6d13d77-b063-42d9-8028-70e312ef1502,91-6838638,29-08-2022
2,2,a83f6173-ccba-4973-af87-6da83edb962c,44-8539248,21-08-2022
3,3,b825220f-42c9-4f3b-952c-3a8eee122912,98-2590988,10-08-2022
4,4,f12ac568-d1fc-468c-8671-13b48a297570,42-7286348,27-08-2022
5,5,5fa22f05-f44b-427b-84bd-bff2c2c91133,18-5565639,03-08-2022
6,6,75ba130a-a631-4a91-b63e-a3f77550e056,57-9174880,10-08-2022
7,7,282b7802-68bc-4796-bfc2-c921f7e884a7,61-9752031,13-08-2022
8,8,cc02a680-d1a7-4b28-8844-cd232fcde381,29-5277223,06-08-2022
9,9,f2eb5392-ed45-42cc-a33c-300625df1b13,55-5734855,18-08-2022
10,10,a0301f09-5c66-41ac-8381-939d46489b52,51-4875583,26-08-2022
11,11,2b532f5e-b698-4566-991d-2373e0349db5,03-2641281,03-08-2022
12,12,9b5233cc-6ed2-42f0-8600-67287f5ba32a,42-1549766,01-08-2022
13,13,0c9d0a73-42b9-463e-a0fa-796636f4433c,91-8454719,16-08-2022
14,14,028820b5-798c-4741-9e10-5db607aeec3c,19-0370733,22-08-2022
15,15,eaa0ae3d-3537-47a3-b29f-4aad08fbb890,69-3766552,20-08-2022
16,16,332b1577-c07e-4034-b48a-762f1ebd0880,82-6308176,25-08-2022
17,17,7126d3a1-e231-4ba2-97c9-6c4c94cf8517,29-7219353,12-08-2022
18,18,bb7e038f-1fd6-4da5-b1f4-61bde8b00cb3,17-8676655,30-08-2022
19,19,d5af6ab6-29a6-4fc4-ae57-0c71b3224a81,76-5546372,24-08-2022
20,20,f1e14f69-9a50-4735-a8e9-3927acd9eea8,84-0102772,28-08-2022
21,21,de3c711f-1b76-40cd-a3bb-1bd86ceb8ce6,56-7724868,04-08-2022
22,22,6b4471bb-0a95-448d-b14e-e21e9a47c33f,61-1054895,03-08-2022
23,23,c3201ad3-ca8b-4a92-95ad-1def689cb35d,61-6711847,13-08-2022
24,24,e6fbfb79-dd08-4531-9267-216a74483427,26-7892906,18-08-2022
25,25,353f5832-9ed8-4865-bd50-a0b1825a8c6c,08-6433961,25-08-2022
26,26,68fb3224-22c1-4a7a-b308-f614725e1532,50-7264215,27-08-2022
27,27,529af3f5-b830-4391-87ca-4dd3118b7143,83-7722614,24-08-2022
28,28,3bbd76ef-63ec-484a-9ea2-9c7310e93f8f,05-4983398,17-08-2022
29,29,95bde8fb-b634-473c-8e37-0ca49ee8d477,17-5960538,19-08-2022
30,30,b99732b3-d253-454a-85e0-f11ae84337d8,90-4961678,27-08-2022
31,31,a4f950f5-87f2-4ecc-a63f-09d67c4a54c4,44-0876203,05-08-2022
32,32,ee93eea2-f89a-48a9-84e7-3dee7680e073,03-4841081,05-08-2022
33,33,91555011-a91d-48e6-9ef7-4c33f1190820,01-3699155,26-08-2022
34,34,1509a9f9-9b01-497b-9d43-8070954c6c66,15-2887598,16-08-2022
35,35,4e118d8b-3493-4845-8a19-eb196f06f8c2,97-1039271,10-08-2022
36,36,d9854864-b1d8-4851-9560-70bb5f3378b4,56-5369339,06-08-2022
37,37,279d529d-df11-4dad-a9fd-f1b86ba7b7da,91-2862010,16-08-2022
38,38,75c55995-5ee8-414a-8c11-a1cc3d764d2a,27-0541817,01-08-2022
39,39,1b680faf-c9bf-4552-8b8f-9324d9b72fe5,53-8502036,09-08-2022
40,40,c926df02-b049-4519-868c-a896e79bb5d6,29-9068665,12-08-2022
41,41,1768eb62-bfec-4516-8d1b-34976c7ab309,70-6336105,28-08-2022
42,42,02445705-b55e-4707-9560-5928140cf514,42-8495764,22-08-2022
43,43,af9a18e7-2b3b-406e-b766-02508f403b85,23-5634583,11-08-2022
44,44,b877715d-ab6f-4ff4-9918-c1513ba1eba5,46-8326323,13-08-2022
45,45,d3bb1698-7368-4947-a915-14227d0ab319,35-2744676,22-08-2022
46,46,48e4da21-326d-4545-8615-c1d342fc267f,12-5402940,13-08-2022
47,47,fc39291f-8972-42ad-80cc-37a7b7ee3653,21-6557645,14-08-2022
48,48,da1e5e3e-d4e6-4efb-b1f0-6d24b0e3947d,86-9370716,20-08-2022
49,49,e5711d77-1912-4d66-8db1-9dcf6315a0a9,03-9598462,16-08-2022
50,50,c3dd6a54-88fa-4de6-99ce-10c927f8f5d4,79-2670881,17-08-2022
51,51,41784c17-be2d-4a20-90c0-81bac40fd819,21-6557645,06-08-2022
52,52,9320fe3b-7634-4fef-a39f-17e47fdb7255,42-7286348,03-08-2022
53,53,b6aa7f58-2d97-479f-84ad-67870232db67,84-8783169,02-08-2022
54,54,044dcddf-09aa-4e2d-9f48-01da842d25df,96-2477756,08-08-2022
55,55,a177748a-bbf3-4cd6-bc66-255dab716105,91-8454719,03-08-2022
56,56,f3f86ef0-e73a-4200-940a-acd8ab19e040,43-9958344,20-08-2022
57,57,721f2f16-cd28-4225-92d1-543ae15a4025,90-0814705,18-08-2022
58,58,1195f696-995f-4ac3-865c-47f4d65c3780,76-5546372,19-08-2022
59,59,7202d0af-58bf-4abc-90ff-a4e3ef1f5abe,73-2654558,25-08-2022
60,60,953dfd78-2a18-4e22-a102-31dc8e282af4,62-4829318,11-08-2022
61,61,2a697208-cae5-4310-b2f0-c3e417d5d2ef,03-5081613,11-08-2022
62,62,f17d1686-520d-456d-ad47-95eefce79592,83-1977189,17-08-2022
63,63,6964e464-f92f-4816-bed8-75386b8bc0d9,27-0541817,28-08-2022
64,64,bcea8d64-f05d-48b1-b9ba-347e795c8b45,17-8676655,03-08-2022
65,65,8dbf0fb0-c074-4748-95ad-f4b01543b50d,61-1054895,20-08-2022
66,66,d750a9a1-5f41-449b-ac8a-bcba52f19474,23-2470101,15-08-2022
67,67,21875ea4-8b54-48b5-a980-19f6204f468e,33-2283829,03-08-2022
68,68,ec9ea685-c228-4900-b726-9eeb9baefebf,32-6476646,02-08-2022
69,69,9a27c8c5-7bcf-4255-a9f0-36445fe94572,78-2049276,02-08-2022
70,70,4a83462c-5fc1-408e-8457-0644f0d99f08,60-6798691,09-08-2022
71,71,015ed4d3-82f7-4b56-8e2c-549654a7e7c2,56-0202232,20-08-2022
72,72,3460c79f-3f06-42d6-b81c-bdad2b88c4aa,53-8502036,22-08-2022
73,73,a4fbf480-0ad0-4202-a7d3-15c887ccbae8,42-3488693,21-08-2022
74,74,669111e4-df44-4b69-a0dc-760468e1d152,86-9370716,04-08-2022
75,75,fe5fd471-40e4-4ad9-8146-0cff1fc9f7bc,32-5280707,15-08-2022
76,76,1b675afa-911c-4efc-a794-7fa60997caaf,08-1124646,28-08-2022
77,77,3e55f867-952f-402f-8796-8b73428fd42f,53-8547859,26-08-2022
78,78,0039697a-64e8-4c30-9918-0ac3510cb615,37-6739425,20-08-2022
79,79,4b918624-1801-4b3f-8c3c-fe8274a17ef7,18-5565639,02-08-2022
80,80,cc1bba0d-fc2e-48ff-a147-fd6bddbd240c,10-7988777,06-08-2022
81,81,10e99e66-cbe2-4953-8cba-8c16b2eef927,76-5949923,29-08-2022
82,82,dbbb2b03-db19-4168-ab4b-3cce451d894b,61-6711847,23-08-2022
83,83,1ad8a766-4050-4b1e-ade3-07c680fbb2b9,11-9295346,10-08-2022
84,84,bfc77262-4b0f-46a9-9be9-c22b95cd0ea9,59-0965845,01-08-2022
85,85,cf8f2013-58dc-4016-b044-4b510886b32e,35-4164936,07-08-2022
86,86,b1ffc637-fdae-46c1-862b-7395baf98728,93-8757266,13-08-2022
87,87,8ee3dd95-129e-4c3f-84e5-635e7133f918,82-5305051,11-08-2022
88,88,96d4e796-2cd6-4060-a2da-283c6646d3bd,34-3158464,25-08-2022
89,89,6ab716ab-d7d5-4e46-b0b5-d2d783827665,53-6456036,06-08-2022
90,90,4ccd77ff-07d6-40f3-8001-38f0472dfe77,37-5234485,20-08-2022
91,91,8e0119e7-3bce-420c-84a2-5b1854ce586c,86-6798797,17-08-2022
92,92,0417babf-84cf-41f1-94cd-b71a1d657235,85-0896789,14-08-2022
93,93,99e7dcb5-755f-4291-90cb-49e868296ef7,74-2503637,18-08-2022
94,94,760189b9-0e68-4ced-98be-cc8dde5ce7e5,94-4238145,28-08-2022
95,95,a21877dd-f598-49ad-a39a-1c283891416d,69-3766552,29-08-2022
96,96,da4bafe3-4e63-4b00-b0b9-b231f4c34688,12-5402940,03-08-2022
97,97,cf922fa5-9112-4a15-9eb7-6d17b4c8785b,59-6136985,10-08-2022
98,98,ef5fe61e-572d-4918-be5c-b9488cfac309,43-5135560,13-08-2022
99,99,37761168-0947-48e0-8c42-e6f00376b6ad,46-8326323,14-08-2022
100,100,fbe2e133-d318-46f0-ad52-004a0eec4d36,78-5780674,20-08-2022
101,101,e968d2b6-e9fc-4ea3-8990-c2ddb302251d,88-8499997,23-08-2022
102,102,3f0e7fde-28aa-4504-9a49-50d7d492acb4,15-2887598,06-08-2022
103,103,b5d62210-ed2b-4b61-aae8-8db4eaf3bd51,18-5565639,24-08-2022
104,104,7f9dbd20-57a8-46bb-bc2b-28143fcc17f1,15-3605472,28-08-2022
105,105,fa421bfb-a77a-4693-84ed-160a4cfb4bfa,32-5280707,01-08-2022
106,106,f618415e-4808-4f5d-b4e6-10a6bb9778d9,34-5753275,08-08-2022
107,107,3f7880c8-2c44-4841-8d79-7be4b8f1c9a6,67-6285961,26-08-2022
108,108,121ab6ee-287a-4d18-b926-0a7e11504fc4,32-6901998,14-08-2022
109,109,8bc69fe6-ecc1-47dc-bc88-0edb5aebc91f,35-9973556,07-08-2022
110,110,95dc71a4-972e-4bf7-b1db-3e2906b4deeb,34-3158464,04-08-2022
111,111,ef9aee64-fa3a-475b-9fb3-4fc83fd5d6ea,17-5960538,05-08-2022
112,112,e6fc4f21-9a00-4c1b-ba81-8b7be4e4a3e9,66-8087214,28-08-2022
113,113,423bf1b6-d63d-45d8-b9e1-de389e6e64c7,42-1549766,15-08-2022
114,114,cefc99a8-d874-49e4-814d-25fb8dd13967,19-4765034,11-08-2022
115,115,afc86f11-523a-44af-8780-e3302254dc59,43-5135560,16-08-2022
116,116,6b0cb29c-08ba-48d9-abef-9555ee92daa1,56-3253104,18-08-2022
117,117,f66cd9ae-bea2-4e3b-bafd-3d1ab61b417f,29-7219353,19-08-2022
118,118,b7f33dfd-6105-4823-ab3a-755078ed5b15,62-4829318,30-08-2022
119,119,3b98b7d8-b3f7-4a31-ab46-9f76e38bcdaf,44-8539248,03-08-2022
120,120,446fe4b7-46c9-47dd-b657-322c2ec2e67b,58-0520880,03-08-2022
121,121,1476620e-cab8-4757-ac75-53e5735ed8fe,17-8676655,16-08-2022
122,122,f73afb1a-926e-4298-b80d-62514f7fd973,61-6711847,20-08-2022
123,123,4f7757ab-99b0-439f-9b23-5be7f2cd409a,91-8454719,08-08-2022
124,124,2290f704-52a2-48c1-b2fe-53bf785d6ac2,61-1054895,08-08-2022
125,125,c913f6e0-c053-463b-8716-965cc418f39c,10-7988777,11-08-2022
126,126,d851e4d0-25ee-4216-9c0b-c110d8e6087b,74-2503637,09-08-2022
127,127,44c53866-10f7-4baa-bec7-e57b02e38487,07-1695795,12-08-2022
128,128,43f0a9e3-3939-4544-9dd1-1ae8d958b3f0,03-5081613,04-08-2022
129,129,3703825b-2649-4e2c-bc09-0196f0db66e2,60-6798691,22-08-2022
130,130,a1f2866a-ffc2-4570-946b-910789dbc0cb,91-2862010,02-08-2022
131,131,2936f286-698e-417c-8fcf-65751354a0d0,97-1039271,01-08-2022
132,132,1e592585-125c-497f-9024-387389cd4979,42-6128401,14-08-2022
133,133,3213ede2-c6a3-4ed0-b547-ff06dcb66e2f,68-9247614,19-08-2022
134,134,dd530691-a18d-40f8-8bb5-a535e3011cfb,94-4238145,19-08-2022
135,135,c4f858b2-f8fb-49f3-a37e-e9898dffccb4,11-9295346,16-08-2022
136,136,dc1324ac-e536-4212-905a-2b41c27d9df2,95-3256521,12-08-2022
137,137,21da5e4b-9787-41d7-bc6a-a090c44af2fc,93-2794896,06-08-2022
138,138,38937d6f-b048-47fa-b70c-a51215a74b0d,90-0814705,12-08-2022
139,139,c1cd6d95-1b1f-40cf-b6e4-c5f59d1a68d8,28-6107702,08-08-2022
140,140,e8471f03-5a44-4345-9bdf-74be4ea33483,16-8049656,17-08-2022
141,141,a420f24b-d951-461c-9425-cf2e8c86d81b,67-0102426,30-08-2022
142,142,421ebedc-c54c-4913-b4f9-794b3d0c00c3,08-0795961,14-08-2022
143,143,ab4aec48-bc6e-456b-8e9a-39e0db109397,59-0965845,17-08-2022
144,144,85c0b23e-76b1-47ab-996d-50f35d5cbb89,96-4949608,06-08-2022
145,145,3f64ffa4-eacb-4d13-97eb-ca786b41f746,57-9271668,12-08-2022
146,146,33686d8a-9b03-4ff2-a4af-f1a2582ba0ac,03-9598462,20-08-2022
147,147,cd13b602-d453-4f0f-8463-3b87df181bb8,79-0918535,03-08-2022
148,148,b1a13399-0b4d-4c6c-84a0-9fb956417019,73-2654558,14-08-2022
149,149,96646b9f-8a4c-44b6-bb7d-6c0098b84293,79-2670881,08-08-2022
150,150,06864e3b-ec83-4cb6-8541-7cae7b17b09b,41-2069333,21-08-2022
151,151,bfebbe2d-42e1-432b-91cd-c1a114200e25,19-0370733,06-08-2022
152,152,f6a5eda9-93af-4e71-8158-8c2e11322bcc,82-9295259,09-08-2022
153,153,957a0890-7c7c-4c8e-b74e-66a31afcd716,01-3699155,16-08-2022
154,154,ad3ff143-97e5-4c30-af3e-f821b7a42adb,86-5248690,25-08-2022
155,155,a6835c02-96c8-4246-b49d-522a53b02869,55-5734855,17-08-2022
156,156,e2d11261-258a-4151-bfc0-e0fe460b957b,94-4238145,06-08-2022
157,157,94347d5a-0261-4709-aeb5-6e861a164dfb,08-0795961,03-08-2022
158,158,42fb92c7-ce42-4d5e-b78f-46dda44e9071,56-6551806,08-08-2022
159,159,afab6afd-b4d5-43ea-a228-782a88f1e37c,96-2477756,12-08-2022
160,160,12cd6bb0-98a0-4d58-bf2d-f0ba0eb3a8bd,93-2794896,20-08-2022
161,161,42cfe89d-2752-4b38-a5cc-76cd2d5fcd7a,86-6798797,24-08-2022
162,162,174648de-aaf5-4f24-8988-198315e591e0,79-2670881,07-08-2022
163,163,e5c3756d-80e6-46eb-9439-20d973a37e3a,90-4961678,18-08-2022
164,164,735853b4-7e11-4902-9b11-624277b51dea,03-2641281,14-08-2022
165,165,c2fe13b1-9b73-4b7f-9a0e-e5411660403a,15-2887598,04-08-2022
166,166,b2d55a58-287d-4f4a-a0c7-3234f3883536,10-7988777,06-08-2022
167,167,1baec11b-0dce-4e29-93ee-7cf914408fb3,57-4015376,27-08-2022
168,168,cb092520-e237-4513-9554-92faa86a998d,26-7892906,17-08-2022
169,169,11b6633c-c3fa-4a65-a73c-caf74b5d717b,35-3245602,12-08-2022
170,170,e4d8bc3e-5a90-4b34-b98b-854c3c57381b,32-6476646,17-08-2022
171,171,db5f7020-d40b-420d-bed6-d6b8e818ce59,58-0520880,25-08-2022
172,172,8176d4e3-714d-4fb9-8c20-7a2d67a57f58,60-8811537,03-08-2022
173,173,63da6e26-c1dd-4e7e-8f7b-358c82e857db,83-7790252,03-08-2022
174,174,a7cb98dc-dc19-42cc-b3c5-757a05658978,78-5780674,03-08-2022
175,175,7ec9d803-eb50-4206-a9f8-9419b94d2ab0,18-5565639,12-08-2022
176,176,c35d3e1e-be7f-4fb7-b4ae-d26f508d8e7e,86-9370716,25-08-2022
177,177,1963af90-50d5-409b-bd5e-1156487c9e46,71-6009953,11-08-2022
178,178,464c90fe-471a-42c5-abd7-e587ef321580,35-4164936,17-08-2022
179,179,80f0d770-8ae9-4d12-9aa3-522850667507,44-0876203,28-08-2022
180,180,74ec38e3-2ab0-425f-9a22-abd131441faa,98-2464295,19-08-2022
181,181,9409cc11-1fd4-4fc7-bb26-139c49aae939,66-8087214,09-08-2022
182,182,3ed326e4-f01b-41f4-b045-2efa0efe0b04,68-9247614,28-08-2022
183,183,8cf746ff-531d-4773-94f0-42ae0b312f64,67-0102426,12-08-2022
184,184,69cbf3aa-8082-40eb-b801-17c49db52afc,42-3488693,02-08-2022
185,185,e65e60f2-070b-4425-bbd0-c14d30b778a3,71-7187040,22-08-2022
186,186,7d877415-8ecf-4597-9bb5-b0fc7d5cd3d8,03-9598462,30-08-2022
187,187,88efcc8a-cdf9-404e-a942-f0ece5c9a00a,41-6778673,22-08-2022
188,188,8cd45c2d-11e2-43e9-8189-b664b09cacf7,60-6798691,26-08-2022
189,189,7ce1f85e-2077-4aff-a803-ae37f26e1f29,29-9068665,03-08-2022
190,190,c3776636-6c61-482a-947b-75271c925dc8,29-7219353,21-08-2022
191,191,1128a8a9-d5f3-444d-a5e1-ef0ec8afc5b8,72-2457720,05-08-2022
192,192,39569c09-bf86-4a6c-8ed1-bc88aa977879,82-5305051,21-08-2022
193,193,8e1d9038-473e-4df1-8b16-df71bc1bb03e,41-6180351,08-08-2022
194,194,6116d4bf-c9ab-44b1-8042-817192a390e1,34-5753275,11-08-2022
195,195,f0dac2c6-ce06-41b9-8b06-04b0017e4719,56-5369339,10-08-2022
196,196,6480186c-f70f-4dbd-b6a0-b6c7bac12fb5,74-6192526,28-08-2022
197,197,dae66629-020a-4ab3-83c2-f95341b5705d,69-3766552,28-08-2022
198,198,793cc275-e819-429e-824a-ef7710299f49,32-6901998,06-08-2022
199,199,3c0eedae-7d89-4d4b-8687-cf55f2442ab9,28-6107702,09-08-2022
200,200,7b6cb6d6-3f3f-441f-96e3-cd9eef4851f1,11-9295346,11-08-2022
201,201,4e78af9d-6ad9-4eff-ac34-c53925214a87,59-0965845,14-08-2022
202,202,ec38c09a-abc4-4eeb-b956-931d43dca6fa,44-8539248,29-08-2022
203,203,e6af94b2-7268-421e-865f-01fa76b27e81,64-5762691,16-08-2022
204,204,05438237-79ab-4c60-99db-5e4e611c3e1b,98-2464295,23-08-2022
205,205,d27084cd-9f6e-4e45-9f01-f9c0345a1839,56-3253104,10-08-2022
206,206,f2a6540b-0b9d-4df3-8705-4b3c2d78a817,28-6107702,28-08-2022
207,207,6be2b38e-e485-44dd-84fe-c6b8d0d87efc,29-7219353,11-08-2022
208,208,3ff658e9-d882-4509-9047-b700298bc1a4,58-0520880,05-08-2022
209,209,49ebea1a-032e-495a-aed9-72ca9a6db600,35-2744676,25-08-2022
210,210,dd977b9e-9b98-4bc4-83ff-c8048921ddf7,57-9271668,14-08-2022
211,211,438e2829-e62b-43c2-8462-e3615b78d1d5,76-9414112,12-08-2022
212,212,55a258b8-5549-4982-9930-045ce1e0993b,27-0541817,09-08-2022
213,213,f516792a-c81f-40ec-8265-dec00199744f,42-7286348,17-08-2022
214,214,043a4dab-6654-4a1d-91c4-da622ecef2e8,82-9295259,09-08-2022
215,215,6c29c124-f421-4189-9aa2-472147563e9d,25-5268119,26-08-2022
216,216,f3f8f82c-e0e6-4f73-84f5-4fe5bf033e6f,91-6838638,19-08-2022
217,217,e21166a1-9603-4a91-8351-89ec2f01ad41,70-6336105,10-08-2022
218,218,64647b2b-f53d-4583-9e21-e7b2adfeab6e,86-6798797,11-08-2022
219,219,cd5b3be1-656f-4c8d-8267-0e183624c784,61-6711847,10-08-2022
220,220,f0d6f22a-cbde-480f-b8ad-4a7f38705133,84-0102772,19-08-2022
221,221,68554c7d-7bbf-4735-a2ca-ba1b140d01fe,37-6739425,12-08-2022
222,222,3ef4e3db-a0ec-45e4-95bd-829cdcbd8d45,55-5734855,10-08-2022
223,223,ff669b95-5f35-4323-9074-2a05e19d0e6b,53-8547859,15-08-2022
224,224,63f5fcf8-f9ea-457e-8e07-6cc273d85953,32-6476646,08-08-2022
225,225,5b6eedfb-8322-4268-a4ff-2ddfdbeaeaf7,67-0102426,09-08-2022
226,226,8020cde9-88c3-4ce3-b105-40c068c4fe1c,79-2670881,08-08-2022
227,227,9e781f1a-2903-4c8a-9330-ff00f223f365,18-5565639,17-08-2022
228,228,64408b4f-ccaf-4ec4-a61f-8326defefcf0,03-5801967,07-08-2022
229,229,fc3dff67-52d6-415d-94f7-2c57c526b773,82-6308176,25-08-2022
230,230,a182f80c-4ad0-45f0-83ed-4048b6cbd47d,94-4238145,08-08-2022
231,231,d1ddd418-1bdc-4114-bded-bfa3c326d249,03-2641281,04-08-2022
232,232,5f9fadee-a477-4eaf-8f33-9cb29916eb4c,86-5248690,08-08-2022
233,233,37662763-9c18-466a-a76b-63b7ff5006aa,71-7187040,08-08-2022
234,234,bb9361f0-d86f-4edc-9bf4-ef44f7ac2218,43-9958344,28-08-2022
235,235,2cfd52e0-2bb4-4ea5-be83-b08d306cc4b7,03-4841081,22-08-2022
236,236,66189958-2c45-4485-ac72-02e308ec9e0d,56-7724868,30-08-2022
237,237,4b22bbed-96d8-418f-85fc-0d504345d16c,29-5277223,02-08-2022
238,238,9a352caf-97f2-43dc-9493-c2c8c70b87b1,35-3245602,06-08-2022
239,239,0bb5b80f-b91d-45bd-b0b1-9fe5683633f9,82-5305051,14-08-2022
240,240,e8ed4b6b-ea40-41c8-b152-b0bf360beef5,17-8676655,29-08-2022
241,241,29adeea1-77e1-4fe1-a98d-3fc31cdbd1b4,95-3256521,04-08-2022
242,242,668450ba-47b5-49a1-8333-a2f92392d28d,91-2862010,03-08-2022
243,243,8e84f926-1e6e-4ef4-9521-804fca3f1946,04-0288086,29-08-2022
244,244,6b17c7d0-d018-4d9a-8330-bb9f58146828,32-6901998,24-08-2022
245,245,272ba84b-4e85-4170-9911-b8a510403186,83-1977189,28-08-2022
246,246,d75214f5-ba68-4bf7-b895-ec3268974845,23-5634583,24-08-2022
247,247,256d0673-75d9-4a2e-956d-945928dd16d6,97-1039271,21-08-2022
248,248,cde53c05-43f4-4aaa-9b7c-7a499a94ab39,05-4983398,12-08-2022
249,249,7e525d34-603a-478e-be4c-6144e7a0f240,72-2457720,04-08-2022
250,250,7c4ecff8-2ef1-42d3-8755-03a3388db8c9,62-4829318,25-08-2022
251,251,c3fe0f58-457b-4843-aa23-ee8ae58da594,03-2641281,29-08-2022
252,252,4765772c-8b74-4c84-bd4a-71290385de01,74-6192526,20-08-2022
253,253,3066733d-6459-413a-a1da-b3b164b529bd,11-9295346,05-08-2022
254,254,744e12b4-6939-45ef-8ca5-612969297c9b,91-6838638,06-08-2022
255,255,f3593883-147f-4b2f-9774-885e11f7210f,76-5949923,01-08-2022
256,256,b08edf57-6938-40c8-883e-b87e61cf4a79,32-6476646,25-08-2022
257,257,54d0f3d8-fa25-4029-a6d5-7b6326b04af9,05-4983398,08-08-2022
258,258,26e6346b-07e1-4e45-825e-cfd53de53c74,58-8806519,16-08-2022
259,259,61e7b59a-59c4-4cea-87e9-46ef1ca390a4,95-6639047,01-08-2022
260,260,bcbde1cb-4057-4f93-b449-f0618a9492fd,80-7810944,08-08-2022
261,261,bcbf85ef-d00d-4379-9231-7ebf6183600e,39-1862734,18-08-2022
262,262,1c416149-bd70-46f9-b412-d0e401148bd1,29-7219353,30-08-2022
263,263,a6d98d6d-087f-4c37-a449-bc20965734bb,05-3910890,27-08-2022
264,264,2c86163d-93b2-422d-b40e-a36760207bfe,17-8676655,04-08-2022
265,265,efa2e756-480f-425b-b02b-171d8e74e488,53-6456036,15-08-2022
266,266,d8539a93-d361-486d-934a-0d1b9a126d67,23-5634583,29-08-2022
267,267,9d014f22-9697-4409-b0e9-4cfc8b78bbd6,44-8539248,11-08-2022
268,268,f4088d6d-f865-4590-bd2a-a0708863eacc,34-3158464,11-08-2022
269,269,f455dd42-373e-4ba3-b249-91be68d30b9b,61-1054895,09-08-2022
270,270,70f15d18-5173-4619-bf6a-6d475c9b41ec,29-9068665,19-08-2022
271,271,3f2eda0e-4e8f-4c95-9936-ad653fc43e99,88-8499997,20-08-2022
272,272,3abd5b17-b138-4b87-af86-204a2863f107,42-8495764,11-08-2022
273,273,a4afa80c-071d-4b10-bc29-4dac4acd9d5f,32-5280707,08-08-2022
274,274,61dd7362-8da0-47b1-981d-7341ad5c436f,88-1843659,20-08-2022
275,275,02c65c4e-40d6-4572-9aff-9252b94972bb,03-0153800,20-08-2022
276,276,9cfa9c6d-e4ce-4d19-b177-4f730a9f2d5e,53-8502036,02-08-2022
277,277,e39377b9-553b-4d31-8772-76da4c1a844f,35-3245602,20-08-2022
278,278,5abe8cd8-0e3e-478f-9411-e9c9fbf89977,08-0694003,03-08-2022
279,279,af352fe2-9089-4c0a-ba81-116a5c68fba5,98-1151579,05-08-2022
280,280,ec59f21d-9bbe-4ac5-88bb-a30cb2da5888,10-7988777,19-08-2022
281,281,70512cac-755a-413a-8af3-f86c2465e2c2,19-4765034,07-08-2022
282,282,217bff2a-b21b-4dde-970a-37019e30f637,35-4164936,10-08-2022
283,283,c032d229-230c-4385-bac3-57131a5b679b,19-0370733,21-08-2022
284,284,50cef55b-f526-4c84-90a8-4f50e6a83a05,12-5402940,26-08-2022
285,285,a0b50327-f410-4e19-9705-4ad839e4253f,23-2470101,27-08-2022
286,286,cc6494be-4d44-4cf4-ac13-b92bf0bc0340,86-9370716,10-08-2022
287,287,b6a3ddc9-da44-4bfd-ac9e-230abbe7558b,42-3488693,14-08-2022
288,288,4fc7e78a-da09-48e6-ba08-9aa33ee8b2b9,25-5268119,02-08-2022
289,289,ba561131-8a16-429f-872d-bcedd52a4264,04-3201771,27-08-2022
290,290,62d22677-bb89-4eae-8b10-dc8985660562,51-4875583,08-08-2022
291,291,8725daa9-91fe-4882-839c-61039a52f9bd,03-9598462,11-08-2022
292,292,b44d2206-22c3-4421-9a78-d671dfc09286,53-8547859,25-08-2022
293,293,d6de13b4-473f-43dc-9dd8-a983c4fc3022,67-0102426,15-08-2022
294,294,6683b456-89d4-46c2-a760-d5a299693496,83-1498089,25-08-2022
295,295,a09c8fc3-17d2-4f5f-9c82-e6dbb2f71314,82-9295259,11-08-2022
296,296,80000e1a-ba86-4cf7-9f4c-c5aa5cb53065,56-3253104,04-08-2022
297,297,f10337b4-5d9b-4a9e-b5b0-ae3278722ade,94-4238145,29-08-2022
298,298,b4a29fd0-615b-436f-9d0f-13b3e2ba6996,74-2503637,17-08-2022
299,299,3f6738be-68a4-462c-ac32-5e283d769616,64-0004025,19-08-2022
300,300,3eccbeb8-15f3-4e34-ba39-a1e03fe8420f,90-0814705,04-08-2022
301,301,6be16c3d-68c2-40b8-a61d-332ec922fc7f,56-0202232,27-08-2022
302,302,8352e853-e4bb-404c-9429-ec80ec606d4b,59-0965845,17-08-2022
303,303,246a92bd-b3dc-4dbb-88a5-ac3ab49ceb40,03-7065010,03-08-2022
304,304,5103880b-0ec0-44ef-9bc0-58e60aeff783,44-8539248,21-08-2022
305,305,4a589597-c85b-4311-a4fb-d07e6a556468,08-1124646,25-08-2022
306,306,5de1c2d6-f55d-4aab-b053-caa5b5a7afcc,32-6476646,16-08-2022
307,307,a16ff969-4020-4d06-858b-4a08516fc0ad,31-1460605,24-08-2022
308,308,afe9b286-7ac3-45a3-be19-cbe70e40fead,42-6128401,14-08-2022
309,309,e8fe9ebd-2f49-49fc-9031-a9d1ef66f6b6,35-9973556,16-08-2022
310,310,fa5935b2-670f-46be-9eba-539c44c1d2a5,90-6830986,02-08-2022
311,311,7541c557-6661-4f4d-9377-52598b1b0235,58-0520880,22-08-2022
312,312,d8a83d1c-7cee-4d89-8f67-af384e4b967a,82-6308176,30-08-2022
313,313,52f4cf33-2149-4b10-8f37-3620a8861723,41-2069333,16-08-2022
314,314,a0ec9724-7b45-4067-bf82-b709d2e9c925,80-7810944,15-08-2022
315,315,b886a38b-0e1f-4482-aff9-8914b232dd5c,39-1862734,19-08-2022
316,316,5a2e4325-10e0-4872-9024-c0bd9a357411,23-5634583,07-08-2022
317,317,612cc317-4501-4fe5-b74e-d69b0ca41d1d,90-4961678,14-08-2022
318,318,bc2acaa2-455e-47db-af61-010a6f9296fc,56-6551806,30-08-2022
319,319,041b2115-347d-49c9-800e-96dc67944c5e,83-7722614,05-08-2022
320,320,4a5ac75a-8663-4731-b5bf-68714a3d16d1,91-8454719,19-08-2022
321,321,d03286af-4db0-4c85-ae8d-e1ae8b463432,46-8326323,01-08-2022
322,322,fe833797-899d-43d9-9b83-edd4f7f2a1db,17-5960538,04-08-2022
323,323,e3acb79a-0ca7-43dc-ba98-bc24d7bc284d,42-3488693,17-08-2022
324,324,2b897130-8d3a-40e2-a8dd-1762fa82904f,79-4907072,27-08-2022
325,325,2f5401c8-8e4b-4a4e-a356-39450411c19c,69-3766552,11-08-2022
326,326,798c0f1f-c32d-4e83-a8a5-87450dc9f228,04-3201771,07-08-2022
327,327,944b2b33-9728-43f4-98aa-b8c5cfdcc27b,19-4765034,05-08-2022
328,328,49a3033a-b4b1-44b6-b0ea-d0122471f6f5,26-7892906,04-08-2022
329,329,2939b6c1-c722-43d6-ba5d-c11405424837,42-1549766,24-08-2022
330,330,41ac9f20-2a9b-4645-b2a1-b010e8038b24,15-2887598,15-08-2022
331,331,3155bcb3-02c6-4a64-9145-6ce0eae5b6e4,86-5248690,29-08-2022
332,332,e3a68162-3f0b-489c-9bf4-a950443d1bce,64-5762691,19-08-2022
333,333,89482d6b-66a9-4c51-afa0-3a332ea7e1b2,35-4164936,09-08-2022
334,334,b3e45f77-ddf9-48a6-995a-041d44cf4380,61-6711847,29-08-2022
335,335,b1eaafa4-9a0c-4d8f-b823-70ed90b201e0,98-1151579,10-08-2022
336,336,3c77c988-5530-4b70-9d8c-9137d1ec0700,24-8396837,14-08-2022
337,337,4e95fb36-67f1-40ed-a07a-6f2d00080ef9,07-1695795,04-08-2022
338,338,9925b9aa-f0a0-499e-95fa-89aba146f1c1,83-1977189,22-08-2022
339,339,f8e4447c-7d10-4896-8c69-0b5f43653c5a,53-6456036,08-08-2022
340,340,b3a86770-56cf-446a-a456-50dcba1cf5b4,55-5734855,29-08-2022
341,341,4dad2645-5c16-4d9c-b829-fb0abd0ed358,88-8499997,14-08-2022
342,342,7749d3f1-f07a-4e3f-9e7d-37a16f17db71,78-5780674,13-08-2022
343,343,6d08759a-8389-4539-af3a-1262bbd75ca8,03-5801967,29-08-2022
344,344,14cc2c8f-00db-4f68-9529-2c128f7cc2c5,05-3910890,10-08-2022
345,345,10419894-4246-4bc4-b90c-a183ba86da1d,71-6009953,28-08-2022
346,346,2d4e0c9f-7e88-42da-af39-5f67c6be542a,73-2654558,24-08-2022
347,347,09a3df60-8e0d-4a18-b90e-e5e4e5be7e1a,10-7988777,27-08-2022
348,348,bf960b14-9092-4957-94fe-ff031f88e9c1,88-1843659,04-08-2022
349,349,5fba99c5-17f1-4265-8905-496075a01ac2,50-7264215,17-08-2022
350,350,ed751049-29e4-4000-90a1-f74f31cdc83d,76-5546372,08-08-2022
351,351,d41f6af1-a341-405d-9c4d-fed98053da4b,51-4875583,05-08-2022
352,352,fcf2447c-ab50-4fd4-83fe-4c55fa3a9e4c,71-7187040,18-08-2022
353,353,daed5bca-7e68-427f-8924-8f713d166621,78-4021598,01-08-2022
354,354,1039ee11-0fbe-4399-bd28-6d76aa02ac79,95-6639047,23-08-2022
355,355,e94a1608-56fc-4ccc-9ccb-e75ea590bc75,93-8757266,02-08-2022
356,356,d9676937-db2d-4223-9b59-928dc173f2c2,31-1460605,15-08-2022
357,357,e9ddf63c-9fe8-466f-9137-c9f03f2fcc94,84-8783169,07-08-2022
358,358,ae2cb820-f76d-47a0-b778-59dc4e54d766,56-6551806,04-08-2022
359,359,eadbc60e-d99c-4cc0-8e7c-9eed032872a4,66-4408344,28-08-2022
360,360,3757c5de-72d7-4b3a-98ff-9befe762c782,94-4238145,30-08-2022
361,361,0e21b95c-4798-4b4a-9c90-b09282b1c476,41-2069333,27-08-2022
362,362,f1139c43-9bfb-4081-b9f8-5660333f1ed7,69-3766552,22-08-2022
363,363,99c77c5a-eb23-41a2-b985-d4192f29066c,80-7810944,28-08-2022
364,364,85fef9bc-49f4-43d0-9bd5-93eeb916d0b2,08-6433961,06-08-2022
365,365,59e97244-39aa-4c6e-b8ae-f870a8b83188,08-0694003,02-08-2022
366,366,5540918c-2818-499e-873b-d9b7904d1ba0,72-2457720,14-08-2022
367,367,9f8f9603-3552-4fd2-bfe2-6f7571d9b722,59-6136985,01-08-2022
368,368,014ff81d-7723-4262-b1a0-d4379c83c062,61-1054895,07-08-2022
369,369,ab6f27df-3850-453b-890d-fef929f0be92,03-7065010,07-08-2022
370,370,89e0e9db-8be8-43b4-bb28-a819272f1ed8,05-3910890,18-08-2022
371,371,ced06321-07ad-4c56-b798-fd246e7cc857,35-4164936,27-08-2022
372,372,0c8237c5-e60f-4f02-9d70-912eaabd6c4d,59-0965845,14-08-2022
373,373,d15f2353-ec0b-419a-9af5-9d97d67d5c4d,33-2283829,08-08-2022
374,374,941b540a-5a3b-408a-a7ca-750a357a35dd,73-2654558,26-08-2022
375,375,bb9f0d1b-31eb-4d5a-927f-da32e297b8eb,03-5081613,18-08-2022
376,376,97992439-a666-4913-9e5a-ae8c4562dc1b,08-0795961,06-08-2022
377,377,cde3b12c-d017-466b-8661-5ebf9df0b621,67-6285961,03-08-2022
378,378,97ee68bc-2170-40f4-88c1-a86174e5d24d,76-5546372,29-08-2022
379,379,9e9fb839-26dc-4934-b595-a2d967df067c,17-8676655,19-08-2022
380,380,102298b3-44e9-4a95-b449-72ee281c2b74,32-5280707,14-08-2022
381,381,7cc53bb1-5d6a-4c11-ab73-16f791be99c1,17-5960538,14-08-2022
382,382,3f10ec38-2354-4251-a8cb-a9d6f1f88c13,64-5762691,25-08-2022
383,383,476ea9ca-824d-43d4-b137-a796164796d4,70-6336105,20-08-2022
384,384,b2a6b404-43b3-43bf-950e-99e8451d8f30,19-4765034,17-08-2022
385,385,a4ac9be4-4b0a-4972-8d73-fe5ad77cd41b,93-2794896,23-08-2022
386,386,f60b89b7-ca99-4d3c-b3d5-16713e296ee7,23-2470101,16-08-2022
387,387,7b16bc09-aa7c-4246-a645-2aed3ebf8514,28-6107702,26-08-2022
388,388,e6d5166b-ce8a-48c5-ab80-0c0882d2e4cb,66-8087214,02-08-2022
389,389,8254f35c-7128-490f-b986-120f1bbeea6d,79-0918535,16-08-2022
390,390,aa61b7dc-5908-42ee-ab14-e2816a439195,98-2590988,15-08-2022
391,391,fc9d0c01-b546-4482-862f-b2477af7e274,37-6739425,08-08-2022
392,392,ee760f2b-bc91-4d98-896c-3154dbf27f83,07-1695795,27-08-2022
393,393,d2dd30bf-826b-4b2c-9a07-33c281462e70,42-3488693,02-08-2022
394,394,cc47fd59-a08c-4bd4-9490-09f9cb629459,53-8502036,20-08-2022
395,395,98317f72-0deb-4ffa-b081-9dd1f5cbb4b9,76-9414112,16-08-2022
396,396,8381b104-c531-400d-9127-634164571f57,08-1124646,19-08-2022
397,397,d0e43c7c-cd5d-4b3c-a2d3-cf4b767a567d,42-1549766,20-08-2022
398,398,f089a23c-0d2a-42f5-86c9-24469b19623a,42-8495764,22-08-2022
399,399,49b70685-c3d2-47ba-9bea-40eede09c8a4,46-8326323,17-08-2022
400,400,05cd9243-6e0e-4ab1-af06-4303faa02d8f,03-2641281,19-08-2022
401,401,77c34c77-b7b8-4b3d-aca9-57e79463f4dc,96-4949608,07-08-2022
402,402,ea1b84e4-e80a-4ca5-ad2b-55bcee47388f,35-2744676,10-08-2022
403,403,81a3ff3e-0611-4e4d-a8a4-57b02cd372ee,72-2457720,07-08-2022
404,404,b6812544-43f8-4c2f-8c28-1fa0b1ad22ae,70-6336105,07-08-2022
405,405,b1492f45-7e76-40fe-a678-2d6b6a0bfc99,74-2503637,09-08-2022
406,406,2025ce2e-076d-40cc-bfa3-6bbc810e8d33,43-9958344,22-08-2022
407,407,c77b689a-e19c-410d-8196-268e745bff1c,84-0102772,05-08-2022
408,408,38e230e0-9a57-42e8-bdcc-d3e8dc933588,11-0621082,08-08-2022
409,409,a0e78d27-252e-4726-8371-6e00bc83d570,94-4238145,01-08-2022
410,410,f07c3f50-d53f-49ca-8275-50aeba025453,98-2464295,02-08-2022
411,411,2acd4966-54a4-4954-ad11-fd043e7d3f3d,58-8806519,20-08-2022
412,412,8939fcdb-f186-465e-b277-8e4b15888d0c,44-8539248,08-08-2022
413,413,80be387a-129e-4f96-b3a1-afb8cacc3f80,10-7988777,01-08-2022
414,414,59f82a9e-a42c-4080-8c79-7dbd5b02992a,19-0370733,04-08-2022
415,415,66f2871f-933f-4d12-b80d-459ecdaef482,03-9598462,28-08-2022
416,416,9873bf40-0690-4239-baf8-1601c67e4ec9,97-1039271,23-08-2022
417,417,f961dcc6-f801-45a3-bbc6-1354a1fe5bdb,55-5734855,05-08-2022
418,418,9faf2e51-91c9-4384-967e-dc244b5de8be,93-8757266,10-08-2022
419,419,63037acb-6d73-4a4e-8ed3-446668684661,76-5949923,24-08-2022
420,420,896173d0-c7d8-4e0e-b08e-158f80087155,83-7722614,23-08-2022
421,421,81bfe68e-2486-47ee-becd-0b2988be8df9,35-3245602,18-08-2022
422,422,f2779084-edaf-49fb-ba90-3cf7d47bd0e9,95-3256521,27-08-2022
423,423,2fe37df6-6db5-4d88-adf2-e8c33f4ff657,78-4021598,21-08-2022
424,424,07744f31-ac9e-4561-baa8-d1f7883248a2,05-4983398,15-08-2022
425,425,9ccc7fdf-819d-4491-aec4-d52c1ad85584,91-8454719,28-08-2022
426,426,906e77a9-a0a2-46bc-9f47-e98017e478fd,61-6711847,21-08-2022
427,427,7f508ae2-bed9-41ea-99ff-23ba651306b1,61-1054895,14-08-2022
428,428,49df55f8-fc58-443e-959a-29629aadf19d,62-4829318,12-08-2022
429,429,477c4ae6-f2a6-43fd-b0f7-73f550ba0f9c,93-2794896,25-08-2022
430,430,55691e4e-74f5-4210-8ce9-4c38b552de63,56-5369339,06-08-2022
431,431,eabf8402-a8cc-4673-8d37-872db8b979f4,84-8783169,06-08-2022
432,432,c5ac54cc-e00e-4d49-be6a-693f31126eaf,42-7286348,10-08-2022
433,433,c5b79fb0-ddf4-4777-9913-50b29e1cf934,29-5277223,24-08-2022
434,434,16c7c5b7-c190-42e2-94fe-9b337792cde1,96-2477756,10-08-2022
435,435,491067bf-70bc-4337-99fe-f5a3ffaa498f,64-5762691,26-08-2022
436,436,94885600-e521-42fa-b75f-818d908717be,71-6009953,06-08-2022
437,437,8d731885-ef07-4767-9c7a-a887bb59f069,59-0965845,10-08-2022
438,438,79e158d6-db32-4040-81e9-1322ebf30f54,08-1124646,25-08-2022
439,439,a8090133-53e0-4b14-ada4-c499ab609a74,27-0541817,28-08-2022
440,440,b19974b2-a79b-4aa9-b91f-b363fd6b71db,03-5081613,13-08-2022
441,441,d63ddfa4-c863-4668-ac32-293a6677ccac,18-5565639,07-08-2022
442,442,237d3789-a428-412f-9bc6-e06c7232e897,53-8502036,17-08-2022
443,443,8b298726-d1a1-44fd-ae8e-e3a2b017a63b,94-8429592,10-08-2022
444,444,784800f3-c289-481f-b433-aee7eef89bb0,59-6136985,26-08-2022
445,445,46ca49c8-e1ad-45d0-9363-4926a16ca3e4,85-0896789,12-08-2022
446,446,36a85796-dc06-4ae5-9c13-ff9164f1e966,98-2590988,04-08-2022
447,447,b6e7e302-535e-4edb-8c13-435feae1081e,08-0694003,23-08-2022
448,448,c0d7f0d8-6d11-4630-8771-8cb2cbc89da7,53-8547859,23-08-2022
449,449,f3d4b88b-4781-4161-bb67-b98e1a5f8b09,32-5280707,19-08-2022
450,450,924d4bbd-3f5a-4488-87ff-6c3d8b74a04d,44-0876203,12-08-2022
451,451,458f7354-d42b-4921-906c-f1bd4eef1f28,90-4961678,23-08-2022
452,452,696c9920-2a55-4866-9335-97e7ebaa5990,18-5565639,24-08-2022
453,453,4ec5e3b2-0faa-4ec0-a38a-7c9ee86c9424,70-6336105,16-08-2022
454,454,d5688509-accd-4bb3-b0a6-6bd0950c0586,91-2862010,17-08-2022
455,455,dd331e41-3f2e-4006-8a8e-64a452f77e91,86-6798797,07-08-2022
456,456,8c613f79-72a2-4b88-aec1-5fd1f97bed42,58-8806519,14-08-2022
457,457,64e3c623-8f88-44c3-9e84-8bcd7a51e719,01-3699155,16-08-2022
458,458,09508840-5800-4d74-845d-e38b2766454b,97-1039271,26-08-2022
459,459,db08ca1a-72df-4c00-9f18-be1f08e5ed32,03-9598462,28-08-2022
460,460,e159c007-dd02-4cc8-976d-a21529c3e6b3,96-4949608,06-08-2022
461,461,bf8da1e2-69a4-4448-bca1-135dea9d351e,94-8429592,06-08-2022
462,462,8070a32c-f759-40a0-9532-cd266c682d54,23-2470101,24-08-2022
463,463,fba3b90a-c378-4be8-870b-be792abd5e8f,59-0965845,14-08-2022
464,464,aed24e1e-e910-405c-98ea-33993b887094,93-2794896,12-08-2022
465,465,cf9e49dc-5eaf-46c3-b9c0-ece5748ba46e,44-8539248,06-08-2022
466,466,ade93bfa-dab3-44ec-93ca-6d6a1df250d3,33-2283829,20-08-2022
467,467,3155d30e-6cc7-4a80-9561-cf6925e6175e,67-6285961,03-08-2022
468,468,8002d5a3-2259-46ed-b173-4ea5146bf673,96-2477756,20-08-2022
469,469,e0e6aead-c82f-4072-8b1f-f71effd0132b,80-7810944,20-08-2022
470,470,948fdee3-d797-4bea-bbc3-40dff0bf46fb,53-8547859,24-08-2022
471,471,869f4211-c303-4523-97b0-6df529d749ae,04-3201771,19-08-2022
472,472,3ed31159-37bc-419a-80fd-ff7f2c14f704,43-9958344,28-08-2022
473,473,2344d24f-4641-4a07-acac-499ddb899a5f,72-2457720,11-08-2022
474,474,317d25f9-b3f2-4d12-acbc-df11312a0cc3,51-4875583,12-08-2022
475,475,5757be3f-ce8c-49c0-84bb-028af888236d,03-7065010,06-08-2022
476,476,f6932d71-9002-4334-9cde-4a2aa496295d,98-2464295,18-08-2022
477,477,94ea4d12-e7e0-4427-8269-43ee83400ca9,82-5305051,15-08-2022
478,478,d99a0a92-a4e1-4844-9f6e-f05115429608,84-0102772,01-08-2022
479,479,74af0ae4-dd2b-4d52-a845-3722997eed99,16-8049656,21-08-2022
480,480,bfaacd99-5e3f-439b-94f8-7b7dede350bd,50-7264215,20-08-2022
481,481,bc6c635c-1e11-4f4c-8701-57786a0cc235,68-9247614,08-08-2022
482,482,f0a06b91-ae02-4141-b2bd-42f144a4aebf,64-0004025,26-08-2022
483,483,7958eefc-7e32-4c0b-b4f9-97d7b3f67081,34-5753275,18-08-2022
484,484,a535b191-0e2b-4521-b790-3c4783971741,17-8676655,01-08-2022
485,485,73d3f3b0-c460-45cf-b070-4f7e21b5a600,17-5960538,24-08-2022
486,486,cde2e015-bf97-4d0c-9dd8-e2887f6f6665,05-4983398,10-08-2022
487,487,1ca4474d-c75d-444d-9cbe-aae7cf644d60,32-6901998,03-08-2022
488,488,4b3a7a80-f097-4692-9ac3-4cbd0e14bae5,27-0541817,11-08-2022
489,489,2785c8bf-9982-4a93-b50d-f03b26aaad46,86-5248690,27-08-2022
490,490,6f2b1364-8a64-4f4d-b5a5-b6f9dc0b8e78,56-0202232,20-08-2022
491,491,090a5e6f-83ae-4907-a3d7-3d06576da98b,42-8495764,22-08-2022
492,492,1ed974e0-020d-4b9e-98b8-e7ace9e0c6f8,41-6778673,30-08-2022
493,493,7508d6b5-5875-464d-860c-f97310912224,21-6557645,04-08-2022
494,494,e8c23914-fb36-400c-9175-4a591821a4ab,44-0876203,08-08-2022
495,495,b80688d7-9c98-4239-8cec-8d705daba2fc,41-6180351,25-08-2022
496,496,e3a7dc64-c668-4dd0-ac96-861fd27e291a,95-6639047,27-08-2022
497,497,2198abab-3a04-413a-9330-6de535ef8b70,83-7722614,26-08-2022
498,498,defc6bae-ea94-4e3d-a838-60f9472dcb00,62-4829318,21-08-2022
499,499,cdb20f6f-db33-4552-9da6-c00731e90667,37-5234485,21-08-2022
500,500,099f869c-e1d5-4d63-8dbc-8c0730d7e2cc,29-7219353,02-08-2022
501,501,00563118-0b75-4a54-ba6a-db680ade546d,35-9973556,25-08-2022
502,502,19979693-39ea-4d95-aa50-b71644b0d648,71-6009953,15-08-2022
503,503,61408ee3-d6d6-4464-906a-60e07c044c6e,32-6901998,02-08-2022
504,504,4c9ab544-ca43-41d5-b4f6-7f77a348f85b,34-3158464,27-08-2022
505,505,9ab49a95-bf86-4f6b-b180-f969e0b8ef02,84-8783169,03-08-2022
506,506,16939155-735a-4ee5-802e-dce83db5aa87,08-6433961,02-08-2022
507,507,9a923be2-5394-429b-88d4-02c84382e60c,57-9271668,04-08-2022
508,508,56193bb3-a5bc-43bb-adcd-e498191ec094,11-9295346,27-08-2022
509,509,99ebb239-cff0-414a-9aa5-b63d4f7f85ee,90-0814705,30-08-2022
510,510,0495025d-3709-4d86-bf43-3f46a9433a21,58-0520880,07-08-2022
511,511,168d8970-87d5-43cc-aca8-bea0cda783ed,94-8429592,02-08-2022
512,512,a392e2dc-33fc-4782-aa25-06f85d1cf69a,03-0153800,18-08-2022
513,513,f608acba-eefe-4279-84b8-98249f509130,86-6798797,06-08-2022
514,514,5ba290f6-babb-41be-bf7c-c2f7ab19b9d7,35-2744676,15-08-2022
515,515,b36e70ed-4625-418b-8b8c-f12b1610b73b,56-0202232,21-08-2022
516,516,89a35891-1539-4f51-a039-10844c87bf34,60-8811537,26-08-2022
517,517,0d023fb9-e116-43f4-9307-6ff5083606dd,46-8326323,11-08-2022
518,518,79aad6de-e95e-4ab9-8e96-cbdd21a49b06,72-2457720,10-08-2022
519,519,96bfebfd-828b-43ef-8d2f-413d3ea10840,83-7722614,27-08-2022
520,520,1a2e75ae-8acb-4a7b-8564-ebae3e4c5e44,41-2069333,17-08-2022
521,521,5fb33f52-7b84-4b79-a7c5-a73024a63f84,82-5305051,03-08-2022
522,522,bcff56d4-a15c-43ed-8423-09b6bdeea850,66-4408344,11-08-2022
523,523,41741fc9-439d-4266-a3b4-a637645fb199,02-6098382,19-08-2022
524,524,4d659a17-e959-4171-a471-650f0e4ed390,42-1549766,20-08-2022
525,525,80fbc5fa-bd33-42ca-80c5-77c35429cabd,19-0370733,18-08-2022
526,526,abed237b-ca3b-4e47-bb86-911f89b9cbde,93-2794896,21-08-2022
527,527,fd3d263d-acb3-47af-a3fd-5a4c121d635a,37-5234485,26-08-2022
528,528,217b3e92-e030-4dd0-b651-6baa3e6d1c57,56-5369339,20-08-2022
529,529,3f5151e1-2d09-47a3-8144-861128f2e904,04-0288086,30-08-2022
530,530,504d6539-0116-441b-8fb8-90c521c55c3c,90-6830986,22-08-2022
531,531,08b9591f-3d7a-45cb-8e01-4d94a15ab998,74-2503637,15-08-2022
532,532,555d8e5a-df87-4a45-bcbd-e472ffc38abe,79-0918535,17-08-2022
533,533,c287640a-674c-4f64-a03a-3c81f57877ee,83-1977189,18-08-2022
534,534,34ceebf5-fbda-4867-88f4-377bf928c24a,51-4875583,09-08-2022
535,535,b1e57e69-0a6a-4bf5-a4c0-c549d11732c3,96-2477756,18-08-2022
536,536,53e89a1e-1383-4019-941a-391dc6c724ff,79-2670881,14-08-2022
537,537,a5377eff-2941-43c4-95f8-5aef013d3320,96-4949608,02-08-2022
538,538,d796d273-bb8c-4e88-ba23-da07497d7ae7,68-9247614,04-08-2022
539,539,ae9ed866-7b41-4bd3-8466-0b226c6ab7cc,03-4841081,16-08-2022
540,540,d651d41e-4221-4c2b-be68-39858f54b65d,64-5762691,20-08-2022
541,541,fbc21537-bfc6-4bec-ae0d-6bc402d99063,90-4961678,12-08-2022
542,542,4a6866b1-c181-4cdd-bed6-42e754b478d2,91-2862010,24-08-2022
543,543,beb0613e-5ca9-4f6b-9b71-6927de46cf2a,78-2049276,07-08-2022
544,544,297301db-27aa-42a7-8128-d08be7d4e28a,83-1498089,06-08-2022
545,545,69c01896-2569-42cf-8e4c-46a781aaf15e,56-6551806,26-08-2022
546,546,e19544d2-2c47-45c4-8129-baeadf04f389,10-7988777,19-08-2022
547,547,566bceba-f5de-4d57-b4c8-74aa1f8c277e,18-5565639,02-08-2022
548,548,10247a78-185d-41c4-8c98-47855d5202b0,50-7264215,12-08-2022
549,549,2f7bac89-9058-4832-b27e-7e3fa1738870,76-9414112,06-08-2022
550,550,df9b090b-768f-499c-91e0-cbf41097efc2,27-0541817,18-08-2022
551,551,54ba29a0-21fd-41e4-a565-98ecc6f6b302,66-4408344,27-08-2022
552,552,e51fc2ff-b90b-4981-959f-67861a3d65a1,56-5369339,13-08-2022
553,553,91a3de6e-d907-4c35-a7f3-35e562e828ae,32-5280707,21-08-2022
554,554,4daac9e5-7ab6-4d1d-a4e0-3c5c4a80cbf8,76-5949923,29-08-2022
555,555,09084558-4911-4809-91c5-735eb23af250,37-5234485,21-08-2022
556,556,791c2532-619b-4c7f-90e4-75d9a23d339b,25-5268119,11-08-2022
557,557,c389d60d-eeb7-45c2-a995-8f815380b735,82-5305051,05-08-2022
558,558,3942cbff-745a-44c9-973c-de2b3405b1c5,26-7892906,26-08-2022
559,559,7c6bfedc-5b06-4ec8-aaaf-005804b95abd,78-5780674,23-08-2022
560,560,89312ac1-0866-49e2-8dfb-04b7737bc87f,60-8811537,13-08-2022
561,561,e0037728-df21-4570-9ef6-ffe8e9d84e87,83-7722614,16-08-2022
562,562,b3a6d933-154a-4013-a511-9a5d5e21f4ed,29-5277223,05-08-2022
563,563,a702a343-619a-4166-b4d5-736dadde78e2,83-7790252,13-08-2022
564,564,d12c4f43-be04-41c4-b505-02303c8620eb,93-2794896,07-08-2022
565,565,5cbba9d5-fd74-4c37-8052-60a96571b349,35-2744676,29-08-2022
566,566,7a852d72-caa6-4145-8f22-c7aefdc1e215,91-6838638,30-08-2022
567,567,233e30a3-edcf-40ac-ab35-e193e1841d98,42-8495764,07-08-2022
568,568,50d9d63e-dab8-49e2-89c2-a3ce346ebf74,56-0202232,23-08-2022
569,569,a8c2e910-0a58-4067-b71b-48dd9880a0fe,03-5801967,28-08-2022
570,570,0d314aa6-09d0-405a-82f4-19ee1551eaa5,69-3766552,11-08-2022
571,571,a633d71c-755b-4b79-983f-430d5566ab8c,55-5734855,24-08-2022
572,572,4d7a85ab-9237-4c24-9af8-b0481b332e33,73-2654558,09-08-2022
573,573,1db5ab44-896a-4808-8221-18fd2c29c6ab,35-9973556,26-08-2022
574,574,7b945e44-4abc-42be-82cd-6dba2d71b9b2,96-4949608,22-08-2022
575,575,23eb516a-12e2-4021-a8d6-b7c1a06e9d59,64-0004025,26-08-2022
576,576,b664224b-e9d6-4704-906e-29b628422799,57-9271668,17-08-2022
577,577,528a2a3d-8a34-447c-b464-505d1a62ff7b,97-1039271,04-08-2022
578,578,81b2176b-33dc-4e86-bdfd-a4034747870e,15-2887598,16-08-2022
579,579,f24e1e43-7c92-4f59-8ab6-8c9ec6f581a7,32-6901998,01-08-2022
580,580,24abcfaf-e1d4-417b-8a46-319b4ade1d76,98-2590988,24-08-2022
581,581,ddd3ba2a-350a-41d8-b315-a940bd0cb145,72-2457720,18-08-2022
582,582,acbbf496-f2bf-4a1b-be97-db8bacc444e0,53-6456036,08-08-2022
583,583,9426cd28-2091-40f6-811b-a0c14055955d,85-0896789,17-08-2022
584,584,4aa8da92-2934-4cbc-99c8-5b450a330e2c,02-6098382,09-08-2022
585,585,3af9e55c-7662-4cff-9738-15a5e9712b38,83-1977189,17-08-2022
586,586,2693ab5d-3e3a-4d18-9905-c893d26905ec,53-8502036,26-08-2022
587,587,15b43614-66a0-46e6-9eb8-edfeec9516a7,10-7988777,26-08-2022
588,588,33182e37-ae29-4039-b67e-4b52ccbdf201,67-6285961,26-08-2022
589,589,c77f3875-4b4d-4575-93d5-606e57573118,62-4829318,23-08-2022
590,590,42b6db42-96a6-4f70-9ba1-0eb3c256caec,46-8326323,13-08-2022
591,591,f305b73b-e089-42a5-860f-7325aed1c607,17-8676655,12-08-2022
592,592,87634573-1094-4045-b52e-3e3ba796aa65,78-2049276,22-08-2022
593,593,d5c1bea9-24ed-4a29-b41a-97769da56f66,57-4015376,16-08-2022
594,594,5d45eda8-809b-4eb9-a863-be59c26b1500,04-3201771,16-08-2022
595,595,a7ba117c-4801-4485-a2a1-905eb4c61ddc,79-4907072,17-08-2022
596,596,537956ec-d4ea-41a5-8dbb-21cb9cc85a4a,93-8757266,30-08-2022
597,597,aa017109-de38-412a-b4eb-9f8bb2365425,56-3253104,27-08-2022
598,598,3f9bdf2e-c81f-4511-8751-fe0fe46d7f4f,43-9958344,17-08-2022
599,599,52c471c3-2aee-4f5e-a69c-326117d2cec8,96-2477756,07-08-2022
600,600,c2517787-f876-42f5-b151-6d4b7b74c69a,59-0965845,20-08-2022
601,601,9d32c268-3617-42a0-a06d-a73d349b3dc3,56-7724868,17-08-2022
602,602,99dfcdfa-af76-4279-8d67-057b190a1d54,46-8326323,10-08-2022
603,603,6902dee6-1609-474e-af49-1c733c880aff,83-7722614,24-08-2022
604,604,23c550eb-4b95-438f-961b-b1019cd56dfb,78-4021598,29-08-2022
605,605,545ca68e-818a-4da2-8b4a-a5644183a169,61-1054895,01-08-2022
606,606,19f09f95-93df-4130-91a8-7ef885122618,84-8783169,20-08-2022
607,607,c00f41b5-c68c-4538-a1da-e3861180cb71,16-8049656,22-08-2022
608,608,9c2e32be-3a98-4ded-ab3a-abfa2034633d,56-0202232,15-08-2022
609,609,92276250-7668-4b7a-a1b0-b62d61541a3c,37-6739425,27-08-2022
610,610,60a53a62-0872-4bd8-ae4b-e6b666fad5e7,70-6336105,08-08-2022
611,611,39d2a351-1bb1-4f65-bdf8-521c246609c2,26-7892906,18-08-2022
612,612,886bbead-5449-4ebc-9966-d24eece9fdc4,90-6830986,22-08-2022
613,613,4f0e3140-7f41-4e05-be9f-5f53ae2330c7,67-6285961,08-08-2022
614,614,59dfbf58-5fc4-4a99-abe3-595f62f24ea3,86-6798797,16-08-2022
615,615,1d372d9a-1b27-4fda-ac35-f86747ede3f4,19-0370733,26-08-2022
616,616,1641c5e8-f9d3-4ec3-987f-de6a7598a50c,10-7988777,22-08-2022
617,617,0aa647c5-d71a-4b73-9f47-d9cf5de3db31,58-0520880,25-08-2022
618,618,8dc76490-c1ad-4acb-bfca-cb8d1d3a1bd7,67-0102426,04-08-2022
619,619,0d4c0a2d-5cb8-446f-b6ef-b81afe6a810a,05-4983398,28-08-2022
620,620,d3046ad7-5585-4f16-bd26-320c2ef2ddd4,82-9295259,26-08-2022
621,621,0211680b-b4ed-42f0-8861-6e0a48f820f5,83-1498089,25-08-2022
622,622,2256b202-0d37-4e95-95db-28fa853696b5,85-0896789,12-08-2022
623,623,e70435d3-6ac5-4899-a18b-eed00ce7f6e4,28-6107702,30-08-2022
624,624,8e6d3d15-ccc4-4d78-b4a5-1467334cdcb9,03-5801967,20-08-2022
625,625,2694530c-32d3-485b-a4a0-ed86a1afa788,08-1124646,03-08-2022
626,626,275013ed-95b3-408a-9a71-5de8fcfc0e0d,82-5305051,18-08-2022
627,627,4e708e3a-257b-49a6-9f45-c3dc9a162075,88-1843659,07-08-2022
628,628,1aa0a0b5-bb9b-401b-b834-7d4b7e7575b0,03-5081613,06-08-2022
629,629,f4d3ccfd-f50b-4f6e-89b1-2c3c5fd560e6,95-3256521,23-08-2022
630,630,017dbff0-bc2f-4dda-b07c-733937b9e7b8,94-4238145,14-08-2022
631,631,e048f7d5-2ea3-47de-9b07-d463e216772d,88-8499997,25-08-2022
632,632,4b3fe37a-6c7c-4313-b4ea-50ee7fdf9d18,78-5780674,29-08-2022
633,633,550ef772-ddf1-49f3-bff3-a6c579fa539a,42-8495764,03-08-2022
634,634,f4df60c7-a9d0-4ee6-bc30-0e84bfacd327,57-4015376,06-08-2022
635,635,47094533-ff66-49eb-b6fd-e4e180d6236a,32-6476646,14-08-2022
636,636,8057408f-a4a2-42ff-a780-2109cb933feb,12-5402940,19-08-2022
637,637,a7395593-3943-4011-9abc-7832b60e5145,97-1039271,14-08-2022
638,638,5cb690aa-0b8c-4bb9-87f5-2f6928479c6e,17-5960538,13-08-2022
639,639,5fc026bb-efd0-4949-8c32-1ff06ed4ab8e,23-5634583,23-08-2022
640,640,c0b1a012-b9c5-40dc-8d4d-b3737b1c563e,95-6639047,23-08-2022
641,641,0123d05b-81d5-4e08-b28f-2c5705e6752c,94-8429592,30-08-2022
642,642,45d55adb-5178-415c-a26a-b7a89a6e7763,07-1695795,03-08-2022
643,643,e474a7eb-7d89-48fd-9286-0515980a6017,21-6557645,21-08-2022
644,644,67240b55-c5f5-4e70-8890-d51c4726d078,53-6456036,20-08-2022
645,645,34bad05f-63a9-418a-96bd-4b6db2d84b4e,34-3158464,02-08-2022
646,646,f27a691b-6602-4831-a33a-656f809c1604,57-9174880,26-08-2022
647,647,bd14871a-1344-4ada-8113-57bbb363d484,68-9247614,19-08-2022
648,648,cdeb16c0-6cf0-4991-b56f-55ecc6ef1cf5,35-9973556,23-08-2022
649,649,50c836d8-3c20-4f79-90a7-844d0dafa1b0,61-6711847,17-08-2022
650,650,e2746f96-7b41-4140-a8d8-d85658564d56,29-5277223,04-08-2022
651,651,400dd0a7-d69d-4ac8-9c73-b1fc3b4731e5,78-4021598,02-08-2022
652,652,b3f67496-e7ce-4af0-9895-cbd18c9f4a1d,64-0004025,05-08-2022
653,653,28b0f272-52d0-4c9b-bbae-e922dad5bfaa,64-5762691,12-08-2022
654,654,4e58396e-a543-42a9-82da-738b6765e234,32-6476646,18-08-2022
655,655,e2c41528-6314-49ed-9ce5-ed449be497d2,12-5402940,28-08-2022
656,656,c05b7c15-d914-41b8-9702-b5eb5a0cfd37,60-8811537,11-08-2022
657,657,ce24bbd4-3b0f-4137-8316-0c7c01bc0e4f,35-9973556,15-08-2022
658,658,7006d057-0c04-4f96-970c-251f5b171ea1,82-9295259,24-08-2022
659,659,afba8a9a-9938-404f-b45f-2292b1797332,91-6838638,21-08-2022
660,660,4bbaeb70-e0b3-4b86-820e-c53c9d98627d,70-6336105,01-08-2022
661,661,4a1f83cd-b931-4c73-b2ec-e9808e2ade23,51-4875583,28-08-2022
662,662,25ce6cce-aafc-458f-888d-d45e5581483c,19-0370733,25-08-2022
663,663,8f064c8a-31b6-4757-aaa5-0a6353ab43ba,42-1549766,30-08-2022
664,664,82a1b002-78db-4a36-a1b6-ce281cf67eeb,60-6798691,24-08-2022
665,665,c9e432f0-04dd-48e5-abca-1d7bc958b499,66-8087214,19-08-2022
666,666,9590f0af-869d-465d-a60a-f5d6637f743a,03-5081613,18-08-2022
667,667,5b75d15c-15dd-4838-987e-67ac6442f150,69-3766552,20-08-2022
668,668,bc1bd7c5-d3b5-4779-bb0e-2485cfcf205e,67-0102426,19-08-2022
669,669,5d43e0be-92e3-42da-b59a-5ae4b2829e5c,17-5960538,01-08-2022
670,670,9a313ef9-c4f2-44d3-947f-40cec3626a2a,29-7219353,17-08-2022
671,671,fac1517a-ddf1-4388-a9fb-a7c876b1acb3,86-6798797,14-08-2022
672,672,0378a6d3-cd2b-4958-9912-279cf635d046,44-8539248,07-08-2022
673,673,d9071c3d-3618-46b9-b906-66f68c7f4615,56-3253104,16-08-2022
674,674,3bec9f4e-9e71-4452-bf98-f0ea6312b1a6,33-2283829,01-08-2022
675,675,a8b7f8f1-7c04-4502-852b-68cd0302b20d,34-3158464,27-08-2022
676,676,aceed6cd-c88f-4460-bbbf-b4ddf692328c,08-6433961,20-08-2022
677,677,e13219a2-2f4a-4653-9fde-49a91857bc76,56-7724868,22-08-2022
678,678,0cc5f254-6642-4ead-8aaa-3ee287f52b1b,42-8495764,18-08-2022
679,679,0a3ec20d-f0df-48e9-b72d-1f27668c70a5,83-1498089,27-08-2022
680,680,0e11a9c1-bd6c-46ee-86ff-d4bece6e0221,53-6456036,06-08-2022
681,681,2ea6d148-6fdb-4698-84dc-c0a688b17b5c,16-8049656,14-08-2022
682,682,71a3f872-db48-482a-99f2-bd26ecb22a6b,61-9752031,25-08-2022
683,683,c0620f74-1176-428c-b6c3-0c749e868242,15-2887598,10-08-2022
684,684,53ebcc6e-151b-4cbe-921e-01aee5b295d1,82-5305051,29-08-2022
685,685,7913a23e-1119-4394-aacc-ff3dba864b68,57-4015376,02-08-2022
686,686,52ba8f48-c966-45c0-9124-818041897fae,05-3910890,12-08-2022
687,687,d99090a1-2ce8-44a6-8b6c-94f00646f9de,29-5277223,21-08-2022
688,688,a8037ef5-a31c-402a-9c9e-2d89ad384397,35-3245602,28-08-2022
689,689,672dbc42-3cda-49ee-a21b-9622759ef318,04-3201771,14-08-2022
690,690,7f0b156b-d1c0-4773-b0e4-6e9377a1eec4,03-5801967,19-08-2022
691,691,72afc30d-256e-4146-ad81-0c372235cd62,82-6308176,04-08-2022
692,692,e264aa2d-360c-4fc3-a6ed-cb16e4540b9b,73-2654558,15-08-2022
693,693,14f74375-149a-4ec9-ab50-91fa174163b4,80-7810944,29-08-2022
694,694,b766c480-53f4-445c-a221-b4ef69711de5,01-3699155,17-08-2022
695,695,ab857716-6a7c-4e48-93ae-26309eb95699,95-3256521,02-08-2022
696,696,19952b42-d500-421c-a457-344e63f78ca0,37-5234485,20-08-2022
697,697,6af31d9a-e554-4a06-acc8-19515a89173d,03-4841081,30-08-2022
698,698,28e058ee-0105-4817-b819-5c0c09a6bbb3,15-3605472,02-08-2022
699,699,2e46e855-b79c-4223-bf80-91d8bc889c95,27-0541817,13-08-2022
700,700,3042ffa1-b46a-4fed-b356-c1c9e25ad2ac,37-6739425,26-08-2022
701,701,222b4555-87d3-4f24-9d9c-e88a0b0f1500,93-8757266,06-08-2022
702,702,0fd3bf0f-f214-411f-9c3b-7416475d9009,98-1151579,11-08-2022
703,703,18821570-ee00-41fa-ab00-25988991de36,15-3605472,21-08-2022
704,704,82b3dc4b-26ad-472d-9b81-7666a0535d92,84-0102772,08-08-2022
705,705,5da91494-6441-4055-9b9c-6d5923b51621,03-4841081,07-08-2022
706,706,95f6970c-1f8b-479c-ac63-84502438e809,83-1498089,09-08-2022
707,707,bab3edb4-f850-475c-b415-e816eaae2c01,04-0288086,11-08-2022
708,708,f5b65729-1469-4e3e-951a-ce64a9be9c65,11-9295346,30-08-2022
709,709,c15538ae-d229-4998-b6d8-bdf0f011a048,57-4015376,10-08-2022
710,710,f13bb64b-39b2-4cd7-beb7-0ade8c2846a8,78-2049276,15-08-2022
711,711,511faf2f-43cd-4f45-ae7e-9d1c826d4142,80-7810944,02-08-2022
712,712,77411172-249b-4436-8a4f-f8c9768da992,15-2887598,28-08-2022
713,713,3240fbff-a91e-4c61-83e3-da1574478378,02-6098382,25-08-2022
714,714,8e2b3364-0b34-4fb1-ba82-3d82211f865c,95-3256521,06-08-2022
715,715,904dc86c-ee8a-43c3-abf7-a724a4d1c334,26-7892906,19-08-2022
716,716,a277c9a7-b7df-422b-a68b-326a1de41dd4,57-9271668,02-08-2022
717,717,b34cc7db-20f0-45d2-8150-41454676e651,27-0541817,27-08-2022
718,718,53dfab1a-ea0e-449b-bed6-ec9dfddcc80b,90-0814705,16-08-2022
719,719,5e2d93ec-f137-446e-91d1-a862c9d5fe0b,42-1549766,06-08-2022
720,720,b5bce6a2-40d2-40a9-8c9c-16f5c4a14b05,32-5280707,30-08-2022
721,721,ce6ccd12-21ed-4aef-8cc9-d9e25b1d8e38,42-8495764,15-08-2022
722,722,fed76c41-fec3-4215-b441-8a6693b5270f,82-6308176,20-08-2022
723,723,4994b472-4b80-4d7e-b6f4-e7681aba7950,71-6009953,15-08-2022
724,724,e1f084f5-29bc-434c-b6de-1a56d493a0b4,57-9174880,29-08-2022
725,725,cb32a40a-3560-4e2e-9745-dd5536c2f4ed,91-2862010,25-08-2022
726,726,e5d698f6-979f-4c6f-bc7d-4837b690c776,08-1124646,16-08-2022
727,727,bf846908-cfef-4a1c-92d6-a05cf977ba90,21-6557645,18-08-2022
728,728,19150e30-2966-4556-b270-b9c54b6559b0,53-8547859,11-08-2022
729,729,3a84af92-35f3-4f44-b64c-0b385d277ba9,78-5780674,27-08-2022
730,730,bf3649e7-dce6-46ae-963c-4de21f63b287,60-6798691,01-08-2022
731,731,b12d964d-e29c-42e4-8507-2609bd310003,79-0918535,25-08-2022
732,732,dc6e59bf-2155-4a2e-9c96-2ca4dc9e91b0,56-6551806,01-08-2022
733,733,15e626c4-3ab2-423f-849f-e5482eaa1b37,69-3766552,06-08-2022
734,734,03735538-c29b-4b5b-829b-e4f285bd1d42,44-0876203,28-08-2022
735,735,5b6e7c7a-ae3b-4209-9a47-697a2fda68a7,03-5801967,19-08-2022
736,736,0baeaf69-c4c6-434a-b759-decdb8b88090,19-0370733,15-08-2022
737,737,3d89d771-d1e2-47f9-a1c6-d1a213b94b7d,25-5268119,30-08-2022
738,738,62d50141-26aa-4df1-ac65-ce4ecfcdb97c,35-4164936,30-08-2022
739,739,82f74dcd-7b75-49f5-9b6f-15d38d0069ed,91-6838638,23-08-2022
740,740,2a505831-fe8f-4b07-829f-f90c7dbba224,60-8811537,03-08-2022
741,741,de729e94-fcd4-41a8-b23d-83a195f4eb90,32-6901998,08-08-2022
742,742,cb0a1fca-94af-491f-b103-d8429a756dbe,29-5277223,21-08-2022
743,743,5c41ef4e-d410-4bc4-8f9c-ca94f1e2618f,61-9752031,18-08-2022
744,744,e5827fae-bf59-42c2-9b64-19defa3c4b40,32-6476646,24-08-2022
745,745,59ac6732-6469-429f-b0c5-c2853be368e9,11-0621082,27-08-2022
746,746,deb9f406-e3c2-4db9-9bcb-6a9297216729,05-3910890,20-08-2022
747,747,d7e351a5-0e44-4a21-acd3-4581526bdfc7,88-8499997,22-08-2022
748,748,24426079-0956-416b-b0e8-52cdaadec8a6,41-2069333,23-08-2022
749,749,bc1d381e-c596-4117-b86b-bf9651c95b26,53-6456036,03-08-2022
750,750,9f29d6b2-7b67-435b-a27c-29a40224ccd5,79-4907072,27-08-2022
751,751,2d0a0b16-ce1e-4674-9799-de0c6bb65b59,66-4408344,23-08-2022
752,752,5d37fe40-d7dc-4ec8-ac67-14e2ab542364,78-4021598,13-08-2022
753,753,282e4c67-ccab-4e67-bea7-cbbb42d2d6b2,85-0896789,09-08-2022
754,754,517a23d9-40ab-46c8-b1a0-d604bc0bb7f2,94-4238145,28-08-2022
755,755,8f179bea-0764-48a1-b6ac-53956a66b43d,86-9370716,04-08-2022
756,756,271b2339-d521-4143-a169-37a65c66a1b6,93-2794896,23-08-2022
757,757,f8fa9bab-2c6f-41cc-825c-9db09d63a417,35-4164936,07-08-2022
758,758,a6944cac-90fc-43ac-a190-a30074a22c6b,04-3201771,16-08-2022
759,759,9814a633-856c-4ee0-9398-1725e5c5b2dd,25-5268119,10-08-2022
760,760,4c07a3ef-9872-4c69-a2e2-0553609edd9e,10-7988777,08-08-2022
761,761,2596d354-7b84-414f-b6c7-2bb7f2278bc6,82-9295259,28-08-2022
762,762,d2fed4e9-54c9-474a-8aac-ad63197eeacf,96-2477756,20-08-2022
763,763,1d905175-536b-420a-a4c2-c9c797a19e33,17-5960538,08-08-2022
764,764,20a05edc-6cb7-4d05-bf50-1bf25ab6bc6e,64-0004025,08-08-2022
765,765,41e37782-7ee8-49ac-98d2-0383eb178be1,28-6107702,17-08-2022
766,766,2bb3132c-95a3-4ed7-a4b9-c952d7adfe8f,04-0288086,22-08-2022
767,767,33eeeb59-a455-4eb4-a426-a52b65cd3ef9,15-3605472,14-08-2022
768,768,8d12abe0-6554-4f1c-be1f-567cdd9fcb53,53-8502036,01-08-2022
769,769,6e7e2aab-c6e5-42a0-b9c4-0b74af698f0a,27-0541817,22-08-2022
770,770,7c4dc730-ef0e-4033-9d92-dc8fe0219326,23-5634583,03-08-2022
771,771,d1c79fb7-d551-4645-8b27-23191b61ec4f,42-1549766,09-08-2022
772,772,2579aaee-7d0a-4137-97eb-962b1260ef4b,08-0694003,20-08-2022
773,773,9d4fb1b6-7751-4312-aa47-aef93f0349a3,90-6830986,23-08-2022
774,774,7e5731bb-b851-4470-8bca-d641d19d22c3,78-5780674,23-08-2022
775,775,cff4f845-c03f-4483-a69b-5e4769c8dfe3,94-8429592,28-08-2022
776,776,c1329f25-691f-4f34-9489-0437e58c476f,41-6180351,01-08-2022
777,777,c3785ae4-abc5-4ea4-a379-18313d6b30fe,56-5369339,28-08-2022
778,778,3e3be144-98c2-4fae-abc9-61208c42dcb5,60-6798691,16-08-2022
779,779,1cdc4e8a-bf89-4a37-ae5a-3e3f9f6f9798,93-8757266,29-08-2022
780,780,a14dd267-6c89-40b8-b844-b635102db13f,79-0918535,10-08-2022
781,781,5520a337-ed74-4726-b9ed-be00b9a94e32,39-1862734,24-08-2022
782,782,1a62c880-9dd3-454e-bbd9-25e620d6446e,56-0202232,09-08-2022
783,783,1abe370b-350f-460a-a485-d13b1e7282a8,08-0795961,14-08-2022
784,784,df66633d-875f-490b-9e77-b6adc09d4aa3,72-2457720,01-08-2022
785,785,eef1fd22-9692-469f-81e2-e66b85aeaede,19-0370733,16-08-2022
786,786,c9de91b3-b359-4a32-b346-714a0a206f7c,42-7286348,04-08-2022
787,787,edb67025-cd93-48ed-9070-fa2f2bb2ede3,91-2862010,26-08-2022
788,788,fa7fbc46-02ca-4e90-bef7-1c2c3718fb8f,59-6136985,18-08-2022
789,789,fb7d33a9-07f8-4e7e-9ac3-701d16725987,32-6476646,04-08-2022
790,790,746b6a87-4118-475c-9945-92f9883d6d7f,11-0621082,21-08-2022
791,791,424ce0e8-3447-4423-893e-2da3a6d8f333,83-7722614,05-08-2022
792,792,1e23bbe0-2f87-449f-b51d-0c4100d99249,50-7264215,23-08-2022
793,793,e2f5fe66-f50b-48df-8954-adc22c450422,31-1460605,12-08-2022
794,794,9ecaab70-0e66-42e2-9949-00b8e1afb9b0,05-3910890,10-08-2022
795,795,7d59723e-e101-431a-806a-6144975681e3,57-9174880,14-08-2022
796,796,2375aab8-9b71-470b-aee4-e0ce81a3f96e,57-9271668,30-08-2022
797,797,702e5b53-55b6-49f4-bf21-388abd9c3792,84-8783169,29-08-2022
798,798,6c9e9fbc-ec95-4147-b3c1-1ee988fb7d8c,83-1977189,27-08-2022
799,799,46e4d43b-4bff-4d6e-8553-7d7b3ff1404c,56-7724868,13-08-2022
800,800,2c993934-8e04-4fea-a704-63b113bb3a28,08-6433961,15-08-2022
801,801,9a67a83e-f302-4f02-b4ba-4e999ae15204,46-8326323,11-08-2022
802,802,bb06bea6-5e15-485e-a65f-9f275ebdacbc,94-4238145,14-08-2022
803,803,062904a4-dc23-410a-adc3-2a60f51060b5,60-6798691,01-08-2022
804,804,befb8611-37ab-4216-b532-7077b0a3f317,67-6285961,29-08-2022
805,805,1e83c8b0-f11c-4bbc-b02e-72a6087154f1,83-1498089,29-08-2022
806,806,6b0c4d87-40a4-4ac4-ac24-226ec044cf3e,02-6098382,16-08-2022
807,807,8ffecf18-6328-40db-ae71-14bc0ddd464e,29-9068665,01-08-2022
808,808,f523c681-50ce-4608-b679-5327e3f1e700,15-2887598,03-08-2022
809,809,15231015-f5b1-425c-9689-c9f848a71dc9,71-6009953,03-08-2022
810,810,d99e02ff-d89b-4070-9b03-c712ba21e918,44-8539248,15-08-2022
811,811,3152a801-48a2-4f4c-8218-b7d17c11ef99,83-7790252,23-08-2022
812,812,8b9a0887-eff9-4c59-b2c8-c58f3bb0c9b2,33-2283829,03-08-2022
813,813,dcc996c6-9f76-497c-ab30-09667f9000db,03-4841081,25-08-2022
814,814,132da291-f94c-4178-bd6e-c7ef746efef8,58-0520880,23-08-2022
815,815,59267d2b-0a61-43ac-abbf-d748e077ec38,05-3910890,12-08-2022
816,816,dc4c9dc2-39a3-48c7-a4f6-16a822298d03,68-9247614,19-08-2022
817,817,28da0d90-7199-4783-8b09-c0cee6355172,56-5369339,29-08-2022
818,818,8e96ac4d-dbca-4693-9eb5-465c37792830,17-5960538,26-08-2022
819,819,6198b1b1-c6ab-47aa-ba46-69ea85082fce,21-6557645,03-08-2022
820,820,ff6fc881-9b34-4ac8-8356-8f977e8a9d7c,86-5248690,22-08-2022
821,821,0ec9a661-090e-45d6-b06e-26191d66e7dd,74-6192526,04-08-2022
822,822,391deeb6-3853-461d-80dd-cb4532f1ac98,01-3699155,05-08-2022
823,823,f887bb42-f952-4249-b1ad-90b8dee36579,73-2654558,28-08-2022
824,824,b5cebbfc-153a-403a-ab5e-e1ac7361fe00,56-7724868,06-08-2022
825,825,4fc5c2bb-24a6-4cd4-8f45-d630f296a9e8,97-1039271,28-08-2022
826,826,d786280f-8741-40f5-8e0f-ff7f32e39296,28-6107702,14-08-2022
827,827,24b82728-1a91-4dff-af18-efe550f76b18,18-5565639,04-08-2022
828,828,14365264-ef42-4a9e-a4cd-c34223ef6f49,34-5753275,22-08-2022
829,829,03acd39e-01c5-4a5d-8fae-3dee49aa5385,53-6456036,20-08-2022
830,830,f23d6fc0-53f7-4b7a-b976-4d51a2348fa5,43-5135560,16-08-2022
831,831,378b0baf-37d1-4607-ab5c-f04d22297a04,79-2670881,26-08-2022
832,832,6b46d09c-0203-46aa-b087-e1bf9ff60386,78-5780674,01-08-2022
833,833,c8ad61af-0590-4ef3-9211-5c8611e9fc7f,96-2477756,12-08-2022
834,834,4cde3665-6557-4f51-a744-0aa5d53b95e1,29-7219353,06-08-2022
835,835,c8fc9b04-7e58-4901-ba44-5ab166aa8f5e,76-5949923,16-08-2022
836,836,f702d350-50d3-4a14-bdd4-c976e7518704,11-9295346,26-08-2022
837,837,e8b5ebad-3f05-4495-a2d9-4e6c75d1ba29,71-7187040,17-08-2022
838,838,efed98ad-3b25-4325-8e15-33c479c1bd8a,98-2464295,23-08-2022
839,839,c4576eb6-f17d-4190-bf0a-77a3f398dccd,72-2457720,13-08-2022
840,840,037bda01-fa29-46bf-969c-0007324d3545,86-6798797,13-08-2022
841,841,1417d0ad-4e7b-42d4-a79d-932e3a1d6dcf,08-6433961,15-08-2022
842,842,44e53585-5f82-42b0-a5fe-ddc7f8cb8b19,35-2744676,06-08-2022
843,843,16a40f17-73b4-4b8b-a795-3adf803523d1,50-7264215,07-08-2022
844,844,bb7d1e9a-0e1c-47d5-9418-f0d3a7b2b68e,60-8811537,02-08-2022
845,845,6040d281-9a3c-4b8f-8745-6707dcc59f41,96-4949608,15-08-2022
846,846,8a7bc25f-7aef-474a-93eb-2832ee6e1191,82-9295259,25-08-2022
847,847,696c585c-c1e8-4edf-881e-272b01b36088,88-8499997,24-08-2022
848,848,7f5cabfa-0f9f-4e7c-a8ef-482f94447449,93-2794896,27-08-2022
849,849,2786aa94-6307-4464-a6d3-3385e3970165,32-5280707,04-08-2022
850,850,96167ac0-dca9-43a0-a2a3-ea15ac1702cf,32-6901998,22-08-2022
851,851,8b8b7016-5ec0-4f1a-badd-174d9865689a,11-9295346,23-08-2022
852,852,192b68d5-f590-4fc1-9232-de1a14f48b41,82-6308176,18-08-2022
853,853,6da33da0-153b-42ba-b742-b5f2a17beaa3,34-5753275,13-08-2022
854,854,de3d3bc6-1e5b-41f7-b513-cd86ca7fd0ad,26-7892906,26-08-2022
855,855,b8c3cf9c-f251-4ccd-95a3-b855814ca5ef,98-2590988,19-08-2022
856,856,6a7cd292-6569-4db3-a88d-7aa07f62155e,70-6336105,13-08-2022
857,857,e8105274-901d-4ed9-8cba-06e83016f579,35-4164936,28-08-2022
858,858,d076d9e1-7823-454e-8bef-098200ab76e6,34-3158464,24-08-2022
859,859,1f0f7371-ba33-40a1-bcbc-a7702515ee94,62-4829318,26-08-2022
860,860,c1d735c9-9b1e-45de-9c51-7731addd835d,02-6098382,01-08-2022
861,861,c71f87b8-5d78-4408-b9e7-84aadaba0d7e,37-6739425,26-08-2022
862,862,e4e86f58-4793-4501-b28d-faa1a0e0d1be,05-4983398,21-08-2022
863,863,bd2752ae-1845-4065-a711-e258841d00d7,94-8429592,14-08-2022
864,864,65a08eaf-95b4-48e1-99f8-799be27bd66a,21-6557645,08-08-2022
865,865,3ede5fde-f34a-4e5c-a346-2e9abae2ebff,79-0918535,07-08-2022
866,866,0556c047-1822-407d-8184-63e84adc03aa,64-5762691,03-08-2022
867,867,fe53ccd9-3951-4d8a-ae63-e597bbcd76fb,27-0541817,30-08-2022
868,868,a32bec41-01ac-4f3d-8c0e-7f7310d8e4b0,03-5801967,12-08-2022
869,869,d2cf5d54-a584-4613-93be-c7c44ba9bb7a,58-0520880,26-08-2022
870,870,e4ee66d2-9d35-4a27-8973-ecd1f3383920,94-4238145,02-08-2022
871,871,4f6e14f3-1b23-4925-b090-f85f48d935ec,78-4021598,24-08-2022
872,872,4aebabb2-1444-4938-a5f1-18d171c9027b,41-6778673,21-08-2022
873,873,55187436-fc49-4bd6-879a-17a7e8973de8,19-4765034,28-08-2022
874,874,d56a4ac9-b232-4234-8850-222916818fa4,28-6107702,30-08-2022
875,875,ff275fe5-8c99-4111-b3a3-d33d796caf93,32-6476646,24-08-2022
876,876,36dc7ef1-fbbc-489c-8ce3-bd351d0c6845,66-8087214,09-08-2022
877,877,619d9048-2f52-4d82-8b0b-940612137383,61-6711847,24-08-2022
878,878,b183a6ca-63d7-40d4-8857-a911101c37f2,90-0814705,09-08-2022
879,879,9759eff4-a624-4e58-901d-c1f608a85c1e,88-8499997,24-08-2022
880,880,e890ba81-916c-4a64-8b64-783aba14f35f,73-2654558,10-08-2022
881,881,325545ff-0b0a-43b5-9653-dde5281b85ce,37-5234485,28-08-2022
882,882,1f8f6f17-2648-44e0-8b9e-412fb8e634cd,32-6901998,17-08-2022
883,883,14c842d2-76d1-497e-8970-c9cb4b5adf02,61-9752031,24-08-2022
884,884,20926fed-b8c8-4e01-9787-a0c4e0b8d60d,90-4961678,13-08-2022
885,885,c6fbd47e-89db-483f-b3e1-60eed05b5df4,59-6136985,22-08-2022
886,886,06717eeb-979f-4819-9087-22d80dd1fd99,32-5280707,06-08-2022
887,887,566a1c9e-dd84-4095-bfc9-a5493bda045d,03-9598462,04-08-2022
888,888,a4db9353-98e0-4128-9efb-8d672957b2b9,41-2069333,07-08-2022
889,889,677c5294-755c-44bf-b1f1-cb6709eb620a,08-1124646,24-08-2022
890,890,8aee6931-8b48-4e63-8eee-a178daefc898,86-9370716,03-08-2022
891,891,a28efdad-c691-455b-9738-85423104c5b4,03-2641281,03-08-2022
892,892,7512e18e-41a5-45c2-bf87-ff665dff2475,23-5634583,16-08-2022
893,893,9c46f401-f282-42fe-af59-ad5858dfe1eb,58-8806519,26-08-2022
894,894,c467d4d5-8f7d-4373-905e-43ef2e7d7402,31-1460605,04-08-2022
895,895,3ca6f6fa-4fa6-434f-a258-f43b6d35bee1,29-7219353,13-08-2022
896,896,a5d5e103-5e94-4f3f-a0f7-908c7c29c873,95-6639047,23-08-2022
897,897,44082705-d99d-4268-aa37-07f5d71dc1ee,17-8676655,10-08-2022
898,898,2c388d55-170a-4998-8dbd-638700af4b5b,98-1151579,02-08-2022
899,899,05414b5c-37f6-4618-9dfe-5474c9f45379,84-0102772,09-08-2022
900,900,0ee8ffa7-e8a5-4320-b5fb-3bf2197306dd,79-4907072,04-08-2022
901,901,0b25db42-a66c-4192-8bac-44509e99e31b,41-6778673,01-08-2022
902,902,0fd28971-3651-45ab-aff4-58388089aeab,61-1054895,05-08-2022
903,903,62cb81bc-8a65-4f0a-85af-db98fe564bac,94-4238145,17-08-2022
904,904,9395f6bc-fecc-43c2-ade4-50f9c8aa5629,76-5546372,14-08-2022
905,905,366f903b-07d1-4b48-ac4c-7a75ccce30d0,64-5762691,19-08-2022
906,906,28f93c2f-2a26-4b0d-bf34-e00065db3aa1,91-2862010,30-08-2022
907,907,58c8f74f-e1ee-41ab-b2d5-54ba7809beb3,78-4021598,04-08-2022
908,908,57a006f7-4757-4e84-bb39-6283d73f7b08,29-5277223,24-08-2022
909,909,449e4831-d9b4-4ec3-a5dd-8092b3e9cf9a,78-2049276,09-08-2022
910,910,4713e402-7792-4711-be46-d36a02d66ea8,62-4829318,09-08-2022
911,911,fa7adf93-6836-4c05-bd75-61de22a1cec2,67-6285961,01-08-2022
912,912,cb1105b4-6fde-486a-9529-85adf5b886e3,74-2503637,22-08-2022
913,913,146bcc68-c758-4b2d-95a9-add807b7db7c,41-6180351,25-08-2022
914,914,bb69ff68-0800-4abc-a4a7-5b534c8715fe,23-5634583,05-08-2022
915,915,0df799c9-d012-4afb-904f-f42c33b89722,51-4875583,02-08-2022
916,916,d09bd3a9-4291-4e9b-b1ef-5900d2499d7b,98-2590988,13-08-2022
917,917,e0d367cd-d732-4b7e-b167-230f39dc524d,72-2457720,24-08-2022
918,918,40b57c2e-6a9d-40c4-89a4-7cefdf39e8ed,23-2470101,02-08-2022
919,919,eaa0f000-ed90-44f5-bca8-3222d3fe781a,32-6901998,05-08-2022
920,920,1beebaa8-17d9-41a7-9c84-f37f8c184b48,29-9068665,21-08-2022
921,921,ab10579d-c225-449d-a358-9a57885950e2,07-1695795,20-08-2022
922,922,d30625de-c21d-472a-8be2-25d3ec32c944,84-0102772,08-08-2022
923,923,29ac2dd3-c539-402a-bdb2-2b24c3c96048,37-6739425,17-08-2022
924,924,8329709f-e376-4b0f-9906-dd44537d6e26,46-8326323,25-08-2022
925,925,26b2c75e-cb76-41e8-a220-4f96ec12ad33,68-9247614,04-08-2022
926,926,669499bb-e5a4-4c94-b5a0-26de48415cf4,76-9414112,19-08-2022
927,927,ede9d8e2-ed11-4d82-ad56-57d38ea6d247,32-6476646,17-08-2022
928,928,75cff227-682b-4d76-962b-502f8ce88c49,78-5780674,09-08-2022
929,929,e4bd861a-52fa-48c7-aae1-83fb4253012c,44-8539248,10-08-2022
930,930,11bd2b15-88ad-49f2-8642-8f54c807019a,05-4983398,08-08-2022
931,931,b5125d57-8c3e-46fb-ad7d-6a1f198abfb5,59-0965845,26-08-2022
932,932,12002f35-63f0-49c1-b7fc-0ce04b633fea,17-5960538,16-08-2022
933,933,ba0a731c-5eb3-49eb-815c-2fb2e4ea4ffd,02-6098382,30-08-2022
934,934,a0b91f8b-19bc-42f4-aeca-6bec8018c01d,57-4015376,17-08-2022
935,935,5f1c6df1-eff1-4f04-b0a4-af06272b3973,58-8806519,05-08-2022
936,936,c993c1a9-a645-4939-87b4-b87e9886a5fb,35-4164936,03-08-2022
937,937,c2872515-61a2-4f6b-94a0-f56a53183ada,39-1862734,18-08-2022
938,938,5195868d-9171-4ef9-ac02-3f00c4c7c1b1,15-2887598,05-08-2022
939,939,76115690-98eb-47eb-b33f-b2aa4c6bd665,05-3910890,29-08-2022
940,940,de5caa93-2d5a-4244-886a-dde824bdf5b8,86-6798797,18-08-2022
941,941,26426df6-d96e-4ba7-a4a8-a64ee1c903a5,04-3201771,23-08-2022
942,942,abb13aab-67c3-4ffd-8534-e8f02c6eb828,57-9271668,06-08-2022
943,943,b4baf4f9-cec1-41f3-aff1-79422d15eddf,57-9174880,04-08-2022
944,944,c188f5d0-a367-4c2e-86b1-b8913f4d46db,08-6433961,17-08-2022
945,945,b1397d7e-1e1e-4246-95ff-e820942aec2a,19-0370733,13-08-2022
946,946,3d4a12bb-15fc-4356-99a3-aa9fe9ecf475,03-0153800,05-08-2022
947,947,09550165-39b9-4ace-a4b8-52bd6f2a58b2,67-0102426,03-08-2022
948,948,b5640125-ea15-40fd-afdd-a84b4596a414,70-6336105,25-08-2022
949,949,99cada2b-4107-463b-bef9-9c27265683f9,76-5949923,07-08-2022
950,950,94708161-0ddd-4489-b942-c66d2b8aec86,12-5402940,09-08-2022
951,951,905aa709-bef9-4563-8d68-a61b8210a8d3,68-9247614,15-08-2022
952,952,212763a0-8cfc-4c5a-928e-4a2b8df455a3,32-6476646,16-08-2022
953,953,59f1a543-e6c5-48eb-b93f-6ea25af2c8fc,03-5801967,13-08-2022
954,954,55e74f17-b342-4995-9932-16e974df984a,53-8547859,25-08-2022
955,955,1fca5033-deed-4801-9e6e-fde8bcd7d122,41-6778673,19-08-2022
956,956,0eae987a-d56c-431e-b1a1-f91021d17257,03-0153800,24-08-2022
957,957,0baea601-7ece-4e29-90d9-19a5ab2666dc,94-8429592,12-08-2022
958,958,2675cf07-5ec7-4519-9a44-2445dd126542,61-1054895,24-08-2022
959,959,3afc3d50-d26c-4ab1-8dbc-aedf86c8cba0,83-7722614,22-08-2022
960,960,28e83c0d-d340-45aa-9814-61ec5c0de8e9,56-5369339,14-08-2022
961,961,7cc68d7d-2271-4d69-b4db-7523115a3aa2,93-2794896,18-08-2022
962,962,ba2b1e48-bfd1-4cc9-ba96-bc5d2ca09835,90-4961678,05-08-2022
963,963,e411980a-ae81-475a-9bb1-93182fb67229,24-8396837,07-08-2022
964,964,739ca3a7-dffb-4fe0-b06d-b48c64801901,02-6098382,02-08-2022
965,965,f192c66a-a54c-42a1-9261-c58d9ec05d65,19-4765034,08-08-2022
966,966,d2a4f732-82f1-47b8-8835-3dd23de82797,83-1977189,13-08-2022
967,967,d5fe93c9-c21f-41c4-b0a8-a2266552e199,91-8454719,26-08-2022
968,968,0c812620-9efe-46d4-9d9f-395d4c7fd40e,78-4021598,28-08-2022
969,969,6daf2256-19ff-4580-a035-a128be6e2ce3,01-3699155,12-08-2022
970,970,83c9c4d8-212b-4b44-bb58-af5ef3441627,66-4408344,26-08-2022
971,971,ff059cec-e568-455d-a88e-15fe7efcf017,74-6192526,14-08-2022
972,972,7ac97523-dac3-48cb-812a-863a79712d3b,28-6107702,05-08-2022
973,973,f8d94a96-1707-4092-ba94-552b35cc4bbd,76-9414112,03-08-2022
974,974,6a35c48b-4548-4bd0-8d6a-521959300722,70-6336105,28-08-2022
975,975,24e6464d-a870-4d2e-9b2f-16cd55fc2647,12-5402940,30-08-2022
976,976,8848b3b5-2f85-4785-87ba-005bd925d515,57-9271668,28-08-2022
977,977,fa822891-a281-40b4-8f3f-20d889cface1,86-9370716,25-08-2022
978,978,7c569cd9-9cfc-4fe3-bc25-11e1c4ccbb12,91-6838638,26-08-2022
979,979,12e2c02f-482f-4cc2-b18f-ba2cefb6d6a8,35-9973556,09-08-2022
980,980,433d2c4b-284c-431b-b3b5-828014e58ea8,84-0102772,19-08-2022
981,981,dee2f41b-c13c-4806-bc95-949d1995d8e0,71-7187040,09-08-2022
982,982,ff04332e-e19c-4ff3-8e7d-e79304029302,74-2503637,09-08-2022
983,983,00582b15-f50d-4ae9-9b89-324f785d383c,05-3910890,13-08-2022
984,984,28717328-8339-48ca-add5-1ba1e49c4ba9,08-0795961,28-08-2022
985,985,060dcbb0-bd95-4a31-8247-9919cb40e3e2,96-2477756,13-08-2022
986,986,1e2e12df-b743-4883-9a39-ad8ca72eb6d3,91-2862010,22-08-2022
987,987,d2eb8747-8680-41a1-a428-c830d2dfcb77,60-8811537,11-08-2022
988,988,6540e120-056f-468d-9df8-546052a71124,56-6551806,03-08-2022
989,989,0a867c15-3ffa-4612-842f-f25ef33ddd5c,08-6433961,26-08-2022
990,990,6e9202a8-5336-48ab-bde9-bb53b0cac083,03-4841081,08-08-2022
991,991,a2610cf8-28e7-4e6d-a28e-818f84b01e78,58-8806519,24-08-2022
992,992,1cfd73f3-63bb-46e1-a356-0c5298c28ee9,98-2590988,06-08-2022
993,993,17cf3d40-26d4-4eb1-aa57-ebc85e30263b,61-6711847,07-08-2022
994,994,3c5a689c-5019-4f4f-8d21-bd5c8dc75e9d,85-0896789,21-08-2022
995,995,7b6e43a6-42b0-4bcd-b8eb-11dab9a960be,05-4983398,28-08-2022
996,996,4df9e03f-316a-4487-a9c1-f44f834922e7,03-9598462,17-08-2022
997,997,493eb42f-c420-46dc-a7dd-08e8e8b91cc2,88-1843659,02-08-2022
998,998,24f1a208-ece3-40a5-8ceb-61dded00e8ea,29-9068665,24-08-2022
999,999,1e52595e-f410-4790-96c8-fdd2de4012e8,58-0520880,19-08-2022
1000,1000,5dfb8aca-9f54-4804-98c4-ef6db73b3da1,37-5234485,21-08-2022
